episode,step,ego_speed,rel_speed,distance,ttc,brake_flag,brake_value
0,60,15.028997421267334,11.692200096446175,13.298324638124258,1.1373671788397004,1,0.755886587305939
0,61,15.275369644167737,11.77053212618905,12.13693367160896,1.0311287154643314,1,0.8393523431325605
0,62,15.52174186706821,11.849252877748887,10.972047554120005,0.9259695668006089,1,0.9409257336205049
0,63,15.768114089968604,11.928665019797979,9.805618130965465,0.8220214177102888,1,1.0
0,64,16.014488220217704,12.009096686827025,8.640749601743329,0.7195170317199218,1,1.0
0,65,16.260879516604447,12.090923197774911,7.482583908722184,0.6188596012336925,1,1.0
5,61,14.863788604744874,11.955230248713246,33.687050019221644,2.817766727901156,0,0.3119708381091864
5,62,15.103523254403216,12.057928962809987,32.63697128500791,2.7066813368754636,0,0.3275643909968047
5,63,15.343257904061577,12.157246428534036,31.599970422348143,2.599270369989414,0,0.3439100406366421
5,64,15.582992553719905,12.253732494813125,30.58020708546292,2.495583047729106,0,0.3610417786278676
6,63,14.44118785858605,7.694971693670566,13.274868123639552,1.7251354068733848,1,0.3279781632950893
6,64,14.666827201847473,7.777626777014669,12.503711850164796,1.607651306580716,1,0.35572659288639163
6,65,14.892466545109544,7.864868995743119,11.724189946628153,1.4907037806953811,1,0.3879370256870889
6,66,15.118105888371119,7.95745176042894,10.935829389464574,1.3742878648472117,1,0.4257526840313134
6,67,15.343745231633262,8.05613801522779,10.138080861517869,1.2584293916458198,1,0.47071619058441616
6,68,15.569384574894638,8.161681170303009,9.330326381597159,1.143186824737331,1,0.5249567283994429
6,69,15.795023918156652,8.274777412417778,8.511871674943427,1.028652645347275,1,0.5914917133310283
6,70,16.020664215092573,8.396028515129798,7.681938544184878,0.9149490774527366,1,0.6747425109121241
6,71,16.246303558354594,8.525890339147505,6.839710645833475,0.8022283156080765,1,0.7814529719419361
6,72,16.471942901616103,8.664649942755972,5.984306787677782,0.690657652324538,1,0.9224637000598448
6,73,11.423191125405003,-0.088159506774522,5.114845779485687,inf,1,0.0
7,62,14.657411575321174,10.918239654132375,13.116169980654279,1.201308122568094,1,0.6682812878666218
7,63,14.890069961551621,10.925849520494134,12.072497668348879,1.1049481915071155,1,0.7270669289714423
7,64,15.12272834778217,10.933587147434633,11.04984537868376,1.010633127964449,1,0.7954817719544389
7,65,15.355386734012718,10.941497607674673,10.05738400379545,0.9191962896140395,1,0.8752449199452984
7,66,15.588045120243297,10.949638027187941,9.108440549827653,0.8318485530947602,1,0.9678690191625162
7,67,15.820703506473725,10.958105521962104,8.222365321110669,0.7503455140700647,1,1.0
7,68,16.053361892704313,10.967050972636642,7.4270658652063775,0.6772163167416009,1,1.0
7,69,16.286020278934824,10.65027475237012,11.517474688003809,1.0814251233697705,1,0.7241448536298764
7,70,16.518678665165346,10.77544692686946,10.614223923508675,0.9850379288715383,1,0.8043469706209119
7,71,16.7513370513959,10.896986492720966,9.799257506690136,0.8992630681185025,1,0.8910062419155544
7,72,16.983995437626415,10.924101433607845,9.10819565184124,0.833770695667472,1,0.9633856846313508
7,73,17.21665382385692,10.912537258756501,8.579107475007543,0.7861698220662153,1,1.0
7,74,17.44931221008748,16.717022309833244,7.441683033013865,0.44515601493434254,1,1.0
7,75,17.68197059631799,17.66100059190987,6.374282973748273,0.3609242262676894,1,1.0
9,62,14.649379730228413,8.578344661124648,27.31301996398465,3.1839499394051893,0,0.19810632982666693
9,63,14.881904602054613,9.031629899681466,26.446129007631804,2.9281679277584796,0,0.22679383497942715
9,64,15.114429473880762,9.336683621878231,25.532128477157407,2.734603582082306,0,0.25104949728293274
9,65,15.346954345707072,9.585853586491961,24.58381897004588,2.564593622073313,0,0.2748358139125096
9,66,15.579479217533303,10.611362448303186,23.58702642673559,2.2228084792737697,0,0.35101865325830633
9,67,15.812004089359498,11.595037863350525,22.497006842223055,1.9402271133008853,1,0.43942088410009816
9,68,16.044532775882967,11.912858709488056,21.32977621780369,1.7904834379354708,1,0.4892228963339225
9,69,16.27707672119568,12.079314065490028,20.135171040706464,1.666913446536803,1,0.5328320193240519
9,70,16.509620666508123,12.103428044934375,18.927932063753005,1.5638488528607295,1,0.5690818155811411
9,71,16.742164611820687,12.114503894947061,17.718061876323162,1.4625495216286435,1,0.6090544846814918
9,72,16.974708557133205,12.134904502974916,16.506932542891946,1.360285327243013,1,0.6559450227497917
9,73,17.207252502445755,12.163257980786419,15.293456880690396,1.2573487222624538,1,0.7113040230082688
9,74,17.439796447758347,12.1935990358179,14.076665848507545,1.1544307638096234,1,0.7766495770085273
9,75,17.67234039307089,12.225931922104255,12.8563100082513,1.0515607391046677,1,0.8548869780675473
9,76,17.9048843383835,12.263845121874384,11.632202372527917,0.9484955376499464,1,0.9507196206943928
9,77,18.137428283696128,12.309730733948438,10.403866168747342,0.8451741466655318,1,1.0
9,78,18.369972229008596,12.36569560664848,9.170515459622594,0.7416093482595528,1,1.0
9,79,18.602516174321146,12.434379181237485,7.93112392351206,0.6378383518720027,1,1.0
9,80,18.835060119633674,12.518635743566115,6.684553493859611,0.533968207941117,1,1.0
9,81,19.06760406494628,12.620728561107118,5.429336984690357,0.430192041481802,1,1.0
9,82,11.835710434505952,-1.5261919481466002,4.450385939640653,inf,1,0.0
10,60,15.039181709313588,8.2464980924383,13.080467295960482,1.5861844808955614,1,0.3822759339527807
10,61,15.285725593591314,8.343496476095217,12.253860580630063,1.4686721107557665,1,0.41771909703690063
10,62,15.532269477869043,8.44590215117173,11.417438652418992,1.3518317461012748,1,0.4593931299431078
10,63,15.778813362146826,8.554621112495354,10.57064837867585,1.2356652901010161,1,0.5090506816941462
10,64,16.025358200098868,8.670550774306832,9.71284507451716,1.1202108524984278,1,0.5691254433831611
10,65,16.27190208437661,8.794566615240967,8.843277244211643,1.0055387185181202,1,0.6430973746065013
10,66,16.51844596865432,8.927432534728979,7.961124728078053,0.8917597189458614,1,0.7361050840283253
10,67,16.764989852932057,9.069758891657425,7.065494888343209,0.779016837464358,1,0.8560714018993119
10,68,17.01153373720982,9.221965306842728,6.155445496342469,0.6674765401443343,1,1.0
10,69,17.258077621487665,9.384204372312057,5.2299656622610815,0.557315831450987,1,1.0
11,60,15.02428817749297,15.020535093734864,35.236022949228904,2.345856704128072,0,0.47080928169649555
11,61,15.270584106448013,15.267670523377832,33.72869873048009,2.20915814752714,0,0.5081677080737469
11,62,15.51688003540306,15.513126951644999,32.19660568238572,2.0754426739846683,0,0.5496037610114632
11,63,15.763175964358314,15.760262381288273,30.640022277846214,1.9441314831296381,1,0.5960722472782854
11,64,16.00947189331338,16.005718809555287,29.058673858658516,1.8155182034880382,1,0.6482397624418216
11,65,16.255786895754845,16.2528733126848,27.452831268328488,1.6891063346259219,1,0.7075127182165624
11,66,16.502101898196294,16.498348814438238,25.822219848653088,1.5651396475540165,1,0.7750834791709594
11,67,16.74841690063773,16.74550331756769,24.167114257835507,1.44320023110215,1,0.8531643649366436
11,68,16.994731903079188,16.990978819321132,22.48723983767271,1.3234811294156612,1,0.9439777040439272
11,69,17.241046905520665,17.238133322450587,20.78287506106524,1.2056337349472785,1,1.0
11,70,17.4873619079621,17.483608824204016,19.053733825718357,1.0898055439984842,1,1.0
11,71,17.73367691040351,17.730763327333428,17.300109863321772,0.9757115102118719,1,1.0
11,72,17.979991912845005,17.97623882908677,15.521705627489146,0.8634567984474024,1,1.0
11,73,18.226306915286436,18.223393332216386,13.718811035213317,0.7528131992278516,1,1.0
11,74,18.462072372436705,18.45831928867841,11.89148712165045,0.6442345554692084,1,1.0
12,62,14.626218795783041,6.436045646674053,27.84040451052931,4.325700288486357,0,0.10940162723486659
12,63,14.192249764327087,5.965627182845127,27.192832946811208,4.558252152432094,0,0.09623185442430973
14,62,14.745213508626517,11.953781346052779,18.869923946595687,1.5785736245566067,1,0.5568029878784131
14,63,14.979264259359278,12.135552259382944,17.79000046207219,1.4659407402178461,1,0.6087012896167086
14,64,15.213315010091964,12.311371408443444,16.72463105540047,1.3584701899197276,1,0.6663730307789503
18,62,14.752390861516329,12.76377945151273,11.96284972479182,0.9372497989515177,1,1.0
18,63,14.986556053166863,13.040855217140578,10.716607597374143,0.8217718407983319,1,1.0
18,64,15.220721244817325,13.20778419083131,9.464711645238642,0.7166010216769695,1,1.0
18,65,15.454886436467788,13.32613805853235,8.221093771885345,0.6169149483350587,1,1.0
18,66,15.689051628118257,13.431044892404158,7.002199747430634,0.521344378157107,1,1.0
18,67,15.923216819768745,14.590726398540463,5.80855600560817,0.3980991656583466,1,1.0
18,68,8.986225677184041,2.991997827959466,5.309192086784255,1.7744638840213025,1,0.12398101887121649
20,62,14.630103111273717,7.574405670172639,43.83439254761222,5.787172546121777,0,0.09623725385003018
20,63,14.862322807318762,7.664871215827063,43.075115203863504,5.619809386349301,0,0.10028693733295949
20,64,15.094542503363837,7.76262283325859,42.30664443970481,5.450045087653106,0,0.10472960893000025
20,65,15.326762199408913,7.868585586554563,41.528236389169365,5.277725702079253,0,0.10962533906823946
20,66,15.558981895453911,7.98359870911345,40.73904800416147,5.102842651354328,0,0.11503966650642772
20,67,15.791201591498877,8.108339309699561,39.93815231324558,4.925565000156045,0,0.1210422397860879
20,68,16.023424148566676,8.24327754974955,39.124576568619,4.746240355549801,0,0.12770599544912375
20,69,16.255662918098185,8.388636589056958,38.29730224611181,4.565378633289579,0,0.13510632161013203
20,70,16.48790168762962,11.172413892206396,27.101672488587624,2.4257669604858707,0,0.3386562002317079
20,71,16.720140457160973,11.300319509589977,25.938653632336546,2.2953911710481987,0,0.36198877854616146
20,72,16.952379226692262,11.422770030956421,24.767050072382535,2.1682175168774545,0,0.3873732937594415
20,73,17.184617996223615,11.541699099255869,23.58765705870857,2.043690175585096,0,0.41525587179111206
20,74,17.416856765755018,11.659292445313808,22.400914767094783,1.9212928119062946,1,0.44621044214806327
20,75,17.649095535286367,11.778177311842716,21.206847570726254,1.8005203189973378,1,0.480995654568606
20,76,17.881334304817685,11.901225682442522,20.005024805093466,1.6809213890134196,1,0.52060145669431
20,77,18.113573074349027,12.031004095486441,18.794669537124445,1.56218628037667,1,0.5662785963442115
20,78,18.34581184388043,12.16942532474417,17.57469416357282,1.4441679614762155,1,0.6196029198212418
20,79,18.57805061341178,12.317724440368465,16.343770798510054,1.32684984776467,1,0.6826055215711732
20,80,18.81028938294313,12.47649246650898,15.100459009609525,1.2103128383353043,1,0.7579768824157814
20,81,19.042528152474496,12.645685455483399,13.843258145414714,1.094702077965416,1,0.8493907444035805
20,82,19.27476692200585,12.824716413804424,12.570711906837877,0.9801941424066782,1,0.9620480404431593
20,83,19.507005691537135,13.012628695998686,11.281496561278868,0.8669652246934447,1,1.0
20,84,19.73924446106853,13.20826290290434,9.974416873076763,0.7551649256529795,1,1.0
20,85,19.97148323059994,13.410436294100961,8.64846325443833,0.6449054351977088,1,1.0
20,86,20.203722000131325,13.617997889973072,7.302802097417073,0.5362610683611667,1,1.0
20,87,20.43596076966259,13.829902600707337,5.936788474535256,0.42927189337050115,1,1.0
20,88,13.688054324420612,0.6901163794683409,4.549988768048827,6.593074593525943,1,0.007696538346665073
21,94,22.14001464844517,13.81606292724804,47.28472900416966,3.4224459785077204,0,0.2968306837636816
21,95,22.37305450440235,14.047328948981129,45.89849090604135,3.267417675825868,0,0.31611870197244807
21,96,22.336700439463492,14.009525299081512,44.49559021025804,3.1760954964816146,0,0.32433286577351245
21,97,22.30034637452433,13.972007751467657,43.095405578929096,3.084410368610212,0,0.33307938580177887
21,98,22.263992309579532,13.934700012206678,41.698951721517794,2.992454210351846,0,0.34239798606466415
21,99,22.227638244636882,17.79611751440435,5.381271382248021,0.30238457224686044,1,1.0
21,100,22.191284179692214,17.74716090932274,3.7203869070094964,0.20963279287421935,1,1.0
22,62,14.643037796024247,10.784379952779743,51.2410266693683,4.7514114760172745,0,0.16689127392512493
22,63,14.875467300418872,12.363669380774954,50.316115410404365,4.06967493717068,0,0.22338229732267215
22,64,15.107896804813448,12.824566440333982,49.30881892639982,3.8448721955481333,0,0.24525726175944115
22,65,15.3403263092081,13.106465650955023,48.29589453881855,3.684890787876089,0,0.2615303315907805
22,66,15.572755813602635,13.222576025294776,47.289386604505346,3.5764125321753335,0,0.2718501370876986
22,67,15.80518531799716,13.282976802147846,46.29874471484943,3.4855699444843538,0,0.28020940227915986
22,68,16.037614822391706,13.335483339614159,45.32903880554542,3.3991297991345957,0,0.2884709627180194
22,69,16.270044326786405,13.384278744096127,44.38375374049611,3.316110982825579,0,0.2967747907247918
22,70,16.502473831180968,13.427336499264651,43.46636723110678,3.237154832120817,0,0.3049913289784981
22,71,16.73490333557556,11.5769765570146,35.49134403526047,3.065683329362529,0,0.2776699954943096
22,72,16.96733283997014,11.710591446186237,34.6212548060351,2.956405316087611,0,0.2912567149603086
22,73,17.19976234436474,11.849725405623138,33.78235777814601,2.8508979425054877,0,0.30562417744180015
22,74,17.432191848759324,11.99498302760706,32.979762179411736,2.7494630132870674,0,0.3207841101645295
23,102,14.040647742911094,-1.1258218007517016,4.427157899391738,inf,1,0.0
24,64,14.18650054932003,11.982893226156138,39.62187898370017,3.306536930264382,0,0.2664706636402484
24,65,14.404758453372832,12.150440271149824,38.64834362778609,3.1808183708003783,0,0.28087574380898495
24,66,14.623016357425614,13.478096455381865,37.660179849086155,2.7941764605823307,0,0.35467928316368946
24,67,14.8412742614784,13.50129811277707,36.618000195568,2.7121836648369566,0,0.3660307084520806
25,22,5.1717171669021385,4.957365521906977,39.11096984312245,7.889466627039721,0,0.04620238451597661
25,23,5.396574497224578,5.164254764765075,38.595817273124,7.47364702772942,0,0.050808475921777674
25,24,5.621431827546806,5.381712229518228,38.06035274103683,7.072164232840075,0,0.05595375354631523
25,25,5.846289157869225,5.600075620696229,37.50289988517009,6.696855975760474,0,0.06148710196517323
25,26,6.0711464881914585,6.011017687909711,36.91767696096588,6.1416683293447,0,0.0719652333857635
25,27,6.296003818513911,6.235657626232257,36.30262048490277,5.821778978400669,0,0.07875672349019994
25,28,6.520861148836122,6.442229512467368,35.66491538079607,5.536113749405435,0,0.08556423656501407
25,29,6.745718479158586,6.6218859178061145,35.0037448438302,5.28606884478421,0,0.09211067630905016
25,30,6.970575809480802,6.77533303977612,34.31833011018734,5.065187188395588,0,0.09835495400171312
25,31,7.195433139803255,6.945719867895101,33.60987866631622,4.838933804639847,0,0.10554281517119637
25,32,7.420290470125452,7.055827726221444,32.877710421063874,4.659653225217084,0,0.11134108852016442
25,33,7.645147800447911,7.133219719371479,32.1229375420273,4.503287267990914,0,0.11647079538583048
25,34,7.870005130770121,7.401638876524654,31.346159265167657,4.235029537118656,0,0.128508702930066
25,35,8.094861984255427,7.6867722388433855,30.556715908954434,3.9752336819013445,0,0.1421812870183495
25,36,8.319719314577622,7.908021766251652,29.763482899632027,3.7637077614847936,0,0.1544945106114142
25,37,8.544576644900088,7.780356660709236,28.924190354186987,3.717591829723438,0,0.1538859226038595
25,38,8.76943397522228,8.274058762816443,28.05540843309683,3.3907673654890655,0,0.1794244807026898
25,39,8.99429130554478,8.542432722969307,27.189554646099207,3.1828819175819336,0,0.19734318439205462
25,40,9.219148635866942,8.667547065481312,26.29860324606769,3.0341459985608186,0,0.21004910029709917
25,41,9.444005966189454,8.685776966608268,25.381175981423663,2.922153778412621,0,0.21855799506248838
25,42,9.668863296511605,8.759150475743624,24.441286824774835,2.7903718394220016,0,0.2308133894346433
25,43,9.893720626834122,8.878787505194499,23.479527678962366,2.64445203415734,0,0.24687610665958046
25,44,10.11857795715627,9.063443838598356,22.495989781163804,2.4820576131735335,0,0.26849888192663457
27,62,14.745522499104991,8.835276350548835,10.872787191668518,1.2306108785146392,1,0.527910718308139
27,63,14.979573249837706,8.930154902356161,10.033408785451572,1.12354252475557,1,0.5844274003610186
27,64,15.213624000570451,9.02633173006243,9.215748795561721,1.0209849439577356,1,0.6500594023765202
27,65,15.447674751303248,9.124077165531485,8.434264707630074,0.924396468225044,1,0.725757886294723
27,66,15.68172550203599,9.223703871454706,7.709713588510325,0.8358587500158324,1,0.8113972844658963
27,67,15.915776252768765,9.325567943534029,7.07126329771669,0.7582662354221136,1,0.904304442460287
27,68,16.149839401267556,7.988982767373246,9.855890808143334,1.2336853257957299,1,0.4761548112801263
27,69,16.383909225486743,8.188474578977042,9.205525623946341,1.12420519049793,1,0.535572797680957
27,70,16.617979049705994,8.394975444789427,8.65046414877417,1.0304335260615107,1,0.59904650869994
27,71,16.85204887392491,8.607259741344643,8.227843113160446,0.9559189986608997,1,0.6620715213043012
29,63,14.652119636535645,14.647446399501822,12.749150537574833,0.8704009005971476,1,1.0
30,61,14.74977779389922,13.12035977841631,20.081752777192566,1.530579428944328,1,0.6303053068690815
30,62,14.987681388870302,13.374907374395198,18.764575958359387,1.4029686661069611,1,0.7009772173855011
30,63,15.225584983841397,13.593301177038393,17.422859192019228,1.281723914235761,1,0.7798149261216539
30,64,15.463488578812123,13.797459006322411,16.05950927748933,1.1639468738504952,1,0.8716197168229532
30,65,15.701392173783134,13.989769816413126,14.675956726245264,1.0490491922910046,1,0.9805636884177175
30,66,15.939295768754112,14.17169034482543,13.273384094440853,0.9366126249920088,1,1.0
30,67,16.177185058610362,14.344100236905996,11.852806091551532,0.8263192459472221,1,1.0
30,68,16.41506958009497,14.507536172877709,10.41515350371457,0.7179133230896936,1,1.0
30,69,16.65295410157936,14.662310361877593,8.961330414187453,0.6111813345246843,1,1.0
30,70,16.89083862306405,14.808580160157986,7.4921951298646325,0.505936088999413,1,1.0
30,71,17.128723144549,14.94641947747488,6.008613587049724,0.4020102336954381,1,1.0
30,72,9.265289329406778,-0.4516658641335205,4.5114135751061895,inf,1,0.0
31,61,14.713121414191274,8.927151551543929,54.64921720204096,6.121685835230333,0,0.10722670518989624
31,62,14.950433731085877,9.187643490246106,53.741273549842575,5.849298964081052,0,0.11549452771863217
31,63,15.187746047980585,9.382212606538282,52.79911099866456,5.627575627722386,0,0.12258717068354602
31,64,15.425058364875165,9.441100898940501,51.82858144523544,5.489675621521188,0,0.12645530325851362
31,65,15.662370681769838,9.494633687458592,50.843014530095346,5.354921127421019,0,0.1303725700804895
31,66,15.899682998664405,9.607402251926942,49.849388886586425,5.188643878899544,0,0.13614860696913433
31,67,16.136995315559062,9.767277025364168,48.844951245977406,5.000877022238063,0,0.1436112367939299
31,68,16.374307632453757,9.956969543410244,47.8254868282749,4.803217145514614,0,0.15242494588647365
31,83,19.93399238587319,14.991955990545282,9.699049321682889,0.6469502263613648,1,1.0
31,84,20.171304702767962,15.162696518448753,8.176946949189816,0.539280525679635,1,1.0
31,85,20.40861701966264,15.246627621855414,6.6344353646794865,0.4351411688686681,1,1.0
31,86,20.645929336557323,15.328826154209791,5.086801136538036,0.331845445004348,1,1.0
33,62,14.544258117677131,7.638128197736106,32.34156025750521,4.234225901980939,0,0.13263984642392307
33,63,14.775123596192573,7.725026677048504,31.691353992494165,4.102426479205695,0,0.13845870737944718
33,64,15.005989074708381,7.81797949235563,31.064750485140163,3.973501147644999,0,0.1446712639310912
33,65,15.236854553223953,7.917865199516618,30.466386050869836,3.84780307357718,0,0.15130607243146763
33,66,15.467720031739741,8.025536798630853,29.901420110508045,3.7257844379467793,0,0.15838624314629682
33,67,15.698585510255176,8.141763843793075,29.375486459476335,3.60800030841854,0,0.16592545869921502
33,68,15.929450988770974,8.267175319180343,28.89468154417973,3.4951093243592326,0,0.1739231828711022
35,63,14.593250274663298,14.590176961116967,49.947456359863324,3.423361929946019,0,0.31337823795651404
35,64,14.821273803716071,14.817680633937824,48.48348236083989,3.2720021141362206,0,0.3329873584199532
35,65,15.049297332768917,15.046224017305251,46.99684524536144,3.1234976424190237,0,0.3541990831840772
35,66,15.277320861821742,15.273727693557035,45.487266540527465,2.97813784906716,0,0.37710417370818633
35,67,15.50534439087454,15.502271074398557,43.955024719238516,2.835392602044526,0,0.4020158874279382
35,68,15.733367919927327,15.729774752486685,42.39984130859399,2.6955148421239215,0,0.42908355267312437
35,69,15.961391448980168,15.958318131361038,40.82199478149454,2.5580386633145125,0,0.4587130608231727
35,70,16.189399719243912,16.185806552939273,39.22120666503948,2.4231851861541664,0,0.4911439874984564
35,71,16.417404174810386,16.414330856141824,37.59775543212954,2.290544510260156,0,0.5269210386251293
35,72,16.64540863037698,16.641815465332712,35.95137023925847,2.160303382413435,0,0.5664310447431947
35,73,16.8734130859434,16.870339765635556,34.282318115235334,2.032105967721381,0,0.6104337957477949
35,74,17.101417541509914,17.09782437806075,32.59033203125101,1.9061098833761347,1,0.6595595458265466
35,75,17.329421997076345,17.326348675328003,30.87567901611468,1.7820072535005809,1,0.7149220204488038
35,76,17.557426452642837,17.553833290560544,29.138092041017106,1.659927581554846,1,0.7775779199123942
35,77,17.785430908209314,17.782357585120742,27.377838134767636,1.5396067705710654,1,0.8492599006554129
35,78,18.013435363775773,18.00984220292862,25.594650268556837,1.4211479467818344,1,0.9318193127993923
35,79,18.241439819342215,18.238366495097022,23.788787841799742,1.3043266702747105,1,1.0
35,80,18.46944427490882,18.465851115428908,21.960006713870296,1.1892225587978391,1,1.0
35,81,18.697448730475227,18.69437540463921,20.108543396000215,1.0756467098125173,1,1.0
35,82,18.925453186041732,18.92186002807464,18.234153747563138,0.9636554609593802,1,1.0
35,83,19.15345764160823,19.150384314436472,16.337097167974807,0.8530950031984019,1,1.0
35,84,19.381462097174747,19.377868940418374,14.41710662842483,0.7439985621098726,1,1.0
35,85,19.609466552741225,19.606393224248624,12.474456787118708,0.6362443435894501,1,1.0
38,63,14.418611526489322,11.81862060902521,46.19436663018065,3.9086089788604124,0,0.22233388552088484
38,64,14.64390754699712,11.997031718334433,45.00893798500427,3.751672833891026,0,0.2351310266723734
38,65,14.86920356750495,12.173185008933771,43.80572140835756,3.5985423187283367,0,0.24873603079542064
38,66,15.094499588012749,12.34709717246125,42.58492670865855,3.4489828753951355,0,0.2632297187003944
38,67,15.319795608520577,12.518734828153518,41.34679039720417,3.302793050957428,0,0.2787020542160907
38,68,15.545091629028372,12.688016910639522,40.091545170579835,3.1597960069678908,0,0.29525400305673766
38,69,15.770387649536206,12.854833747834249,38.819416095963454,3.0198302722120896,0,0.3130004929445776
38,70,15.995683670044002,13.019042290346206,37.53065875810956,2.882751121097367,0,0.3320725519255302
38,71,16.220979690551832,13.11420000956294,36.22713091455122,2.7624354431177056,0,0.3490685781889513
38,72,16.44627571105963,13.209357739350754,34.913803115737466,2.643111330971758,0,0.36747460955680955
38,73,16.67157173156746,13.304520243844687,33.59096527882888,2.5247783958515666,0,0.3874690740973191
38,74,16.896867752075252,13.399687520500343,32.258605959882004,2.4074147931083596,0,0.40926521845498715
38,75,17.122163772583082,13.494859571782326,30.916740417801,2.291001270027865,0,0.4331159040118718
38,76,17.34745979309088,13.590041158397282,29.565345764477485,2.175515542586055,0,0.4593245659128942
38,77,17.572755813598715,13.685237052692019,28.20443725873473,2.060938889851867,0,0.4882568014509776
38,78,17.79805183410651,13.78045201343987,26.834007271171583,1.9472516028502385,1,0.5203582982891606
38,79,18.02334785461434,13.875695578329804,25.45404817236641,1.8344340309770815,1,0.556177936340011
38,80,18.248643875122134,14.211884110878179,24.058799978923883,1.6928649144069923,1,0.6172917105480334
38,81,18.473939895629968,14.54064359517428,22.63049128584528,1.5563610467253213,1,0.6869646169074918
38,82,18.69923591613776,14.850089701445613,21.168027177795263,1.4254477651899045,1,0.7660177995052261
38,83,18.924531936645593,15.115660469805281,19.672282048714884,1.301450379096025,1,0.8540053778706488
38,84,19.149827957153388,15.312703155085416,18.146170222092234,1.1850402922534164,1,0.9501230151254718
38,85,19.37512397766122,15.422571123116228,16.597270978385776,1.0761675758141807,1,1.0
38,86,19.600419998169013,15.506655895538554,15.03491295854877,0.9695780353825024,1,1.0
38,87,19.825716018676847,15.579891734833666,13.464098444479992,0.8641971763113627,1,1.0
38,88,20.05101203918464,15.66091646552658,11.886990761992061,0.7590226784082637,1,1.0
38,89,20.276308059692475,15.747275680804051,10.305266080537972,0.6544158043222743,1,1.0
38,90,20.501604080200266,15.836911573217256,8.722902512429688,0.5507956821064472,1,1.0
38,91,20.726900100708104,15.92951030818151,7.147810764464885,0.4487150343092291,1,1.0
38,92,20.952196121215895,16.024713221620054,5.596355055591304,0.3492327742902052,1,1.0
39,64,14.423835754401052,8.422301768915627,30.77986526489685,3.654566899810782,0,0.16945561861386968
39,65,14.645736694342633,8.39189863179178,29.938240051276882,3.5675168832305926,0,0.17296382615179498
39,66,14.867637634284092,8.366511821571702,29.099536895761332,3.4780966687613906,0,0.17687394898707717
39,67,15.089538574225612,8.348153591001893,28.26321792603712,3.385565157366151,0,0.1813094104930262
39,68,15.311439514167144,8.33937978736628,27.42853546144021,3.289037813458621,0,0.18643436926701515
39,69,15.533340454108627,8.343184947894795,26.594478607194166,3.1875691085937934,0,0.1924568411109639
39,70,15.755241394050106,8.362887859315485,25.75971603395251,3.0802417140220966,0,0.19963310741179607
39,71,15.977142333991665,8.401740550979941,24.922588348406208,2.966360148493201,0,0.20826029530737775
39,72,16.199043273933146,8.462518215182996,24.081100463884756,2.845618745101161,0,0.21866737681628315
39,73,16.42094421387466,10.195585727698804,23.190734863296623,2.274585833778369,0,0.3295876594417279
39,74,16.64284515381615,10.411163806914246,22.172187805189118,2.1296550718435685,0,0.3594604406269934
39,75,16.864746093757656,10.59495592118002,21.12752532960123,1.9941116779321286,1,0.3906706355409398
39,76,17.08664703369918,10.569950580603074,20.069358825693115,1.8987183215901136,1,0.4093299357446945
39,77,17.308547973640696,10.552126407627972,19.012687683113217,1.8017873316386008,1,0.4306233227392514
39,78,17.530448913582184,10.544058322911386,17.957603454595926,1.7031016810268875,1,0.455227315393734
39,79,17.752349853523747,10.548779010778967,16.903045654301422,1.602369870202943,1,0.4840614704020967
39,80,17.97425079346521,10.569607257846767,15.84769439697582,1.4993645468908654,1,0.5183375889906295
39,81,18.196151733406726,10.609785556796123,14.789855957033218,1.3939825529800216,1,0.5596420767771777
39,82,18.418052673348225,10.672031879417805,13.727546691895359,1.2863105027235209,1,0.610045727502269
39,83,18.639953613289737,10.758015155795821,12.65853881835941,1.1766611809930099,1,0.6722670373929474
39,84,18.86185455323122,10.867973804474346,11.580436706543058,1.0655561850706146,1,0.7499517454954979
39,85,19.083755493172724,11.000686645501032,10.490890502930998,0.9536577889182467,1,0.8481805815994736
39,86,19.30565643311426,11.153694152832307,9.387680053716277,0.8416655437277184,1,0.9744067298144166
39,87,19.527557373055796,11.323810577400941,8.26883697510695,0.7302168222072845,1,1.0
39,88,19.749458312997238,11.507678985599131,7.132728576675474,0.6198233879830563,1,1.0
39,89,19.971359252938754,11.70217132568113,5.978019714381504,0.5108470512017179,1,1.0
39,90,20.193260192880256,11.904579162600156,4.803726196336987,0.40351919464978164,1,1.0
39,91,15.045454141142077,-0.6402937566544562,4.374237071192418,inf,1,0.0
40,62,14.49076366424584,7.706429215812454,18.585063785526497,2.4116310245726638,0,0.23496513408200267
40,63,14.720770835876706,7.75208747645422,17.75283850001743,2.290072003694355,0,0.24890327953561506
40,64,14.950778007507552,7.873231359911199,16.925583418097414,2.149763247689995,0,0.2692920121337881
40,65,15.18078517913842,7.935582781226036,16.100443976235933,2.02889244811689,0,0.287594709347581
40,66,15.410792350769292,7.966626845887044,15.280392677301451,1.918050509067123,1,0.3054045672717417
40,67,15.640799522400156,8.014672965074237,14.462160088104035,1.804460412935898,1,0.32658748531344733
40,68,15.870806694031014,8.094003891322211,13.642887986660927,1.6855549082806616,1,0.35308689264667054
40,69,16.100822448730728,8.201408681302802,12.82022861964066,1.563173976303319,1,0.3857822386502755
40,70,16.33084869384792,8.324630224904482,11.9910309042643,1.4404280526949036,1,0.4249467111187729
40,71,16.560874938965107,8.466543927126493,11.151966268523712,1.3171804651946852,1,0.472630752650617
40,72,16.79090118408231,8.630082252718188,10.300024683236195,1.1935024929793725,1,0.5316829041046364
40,73,17.020927429199492,8.811744685652595,9.432657432894143,1.0704642235325459,1,0.6052723567151607
40,74,17.25095367431669,9.005593880286252,8.547745761002847,0.9491595862116701,1,0.697644558648131
40,75,17.480979919433867,9.2087070549071,7.6437280596548005,0.8300544271936244,1,0.8157426678032386
40,76,17.711006164551048,9.419770324433298,6.7194492724357895,0.7133347248400176,1,0.9709749810224815
40,77,17.941032409668246,9.636817595455126,5.774074258977994,0.5991681591754043,1,1.0
40,78,18.171058654785472,9.857805492943571,4.8070556176109625,0.48763952799149424,1,1.0
40,79,12.455305769209883,-1.3061857713175389,4.502041640650075,inf,1,0.0
41,61,14.687105178835584,11.750553638804146,50.15611221056796,4.26840417501148,0,0.20242021644273392
41,62,14.923997879030964,11.843828179745518,49.195454495798096,4.153678502355235,0,0.20966228334839376
41,63,15.160890579226347,11.937579971566,48.24814200829024,4.041702097344017,0,0.2171766280795905
41,64,15.397783279421686,12.032086829278198,47.316805661888296,3.9325518784281264,0,0.22497154372247413
41,65,15.634675979617025,12.127631828150546,46.40432436620549,3.826330236913377,0,0.23305297222389804
41,66,15.871568679812404,12.224502036365486,45.51385187886497,3.72316612516978,0,0.24142367373129625
41,67,16.10846138000776,12.322999899338024,44.648807858546135,3.623209301571496,0,0.2500829674349341
41,68,16.345354080203094,12.423440559533478,43.81289712655838,3.526631525027688,0,0.25902572184064887
41,69,16.582246780398474,12.536257944147838,43.009907897626384,3.4308410124653044,0,0.2686757179987901
41,70,16.819139480593826,13.455214813489754,14.37409812285359,1.068291983598998,1,0.92610826028161
41,71,17.056032180789174,13.60961470523154,13.160222629880073,0.9669798091213618,1,1.0
41,72,17.292924880984522,13.76126415891278,11.979549416062394,0.8705268119065631,1,1.0
41,73,17.529817581179877,13.910543504254111,10.850734313235765,0.7800366901492672,1,1.0
41,74,17.766710281375225,14.057777695659507,9.800405929182142,0.697151864352509,1,1.0
41,75,18.003602981570577,12.122391336084991,33.88470883876277,2.7952165459217113,0,0.31888488404392173
41,76,18.240495681765946,12.323031887471336,33.17041728460099,2.6917415768699677,0,0.33662417433739134
41,77,18.477388381961312,12.515619059021471,32.511676585602764,2.597688251159082,0,0.35426349057488715
42,62,14.791796684266075,14.788281793241085,30.946475982666016,2.0926349940673945,0,0.5196193623591422
42,63,15.026591300965311,15.023439525161892,29.462646484375,1.9611119301295628,1,0.5632848660987981
42,64,15.261385917664539,15.257871026638728,27.95520782470703,1.8321827321714814,1,0.6123309982519207
42,65,15.496180534363788,15.493028758560223,26.424419403076172,1.7055683439867189,1,0.6679259116687003
42,66,15.730975151063014,15.727460260038278,24.87002182006836,1.581312011530578,1,0.7313110208744157
42,67,15.965769767762259,15.962617991958842,23.292274475097656,1.459176338544913,1,0.8043729055693686
42,68,16.200563430787174,16.197048539762402,21.69091796875,1.3391895391003248,1,0.8893135860762558
42,69,16.4353580474864,16.43220627168265,20.066211700439453,1.2211514004068478,1,0.9894354301609009
42,70,16.670152664185636,16.666637773158612,18.417896270751953,1.1050756920159217,1,1.0
42,71,16.904947280884866,16.90179550508144,16.746231079101562,0.990795982241466,1,1.0
42,72,17.139741897584102,17.136227006559164,15.050956726074267,0.8783121699025855,1,1.0
42,73,17.37453651428335,17.371384738479918,13.332328796386932,0.7674879692724816,1,1.0
42,74,17.608480453492273,17.604965562467502,11.590095520020084,0.6583424136159243,1,1.0
44,61,15.039764404300723,12.0631303787269,15.583786010771986,1.2918525723848342,1,0.6866068928835269
44,62,15.282341003421863,12.211331367495578,14.374526977573733,1.1771465817262319,1,0.762769927088548
44,63,15.524917602543024,12.356628417971422,13.150485992472316,1.0642454840955087,1,0.8537274835050637
44,64,15.767494201664183,12.499131202701525,11.91197586064317,0.9530243076469627,1,0.9643550091326498
44,65,16.01007080078537,12.63897323608673,10.659278869685593,0.8433658866569379,1,1.0
44,66,16.252647399906508,12.776302337650625,9.39263534552836,0.7351606980878262,1,1.0
44,67,16.495223999027637,12.911290168766302,8.112312316980105,0.6283115173574674,1,1.0
44,68,16.737800598148798,13.04412746429857,6.818542480576753,0.5227289061103491,1,1.0
44,69,16.98037719726999,13.175038337711841,5.511520385884151,0.41833050080075573,1,1.0
44,70,9.773459516029929,-0.9739217480660489,4.477005004998825,inf,1,0.0
46,99,22.3117675781338,20.33461570740617,37.41046142589447,1.839742730533581,1,0.8127181624972495
46,100,22.275413513190188,20.319490432745813,35.377197265749516,1.741047462919518,1,0.8581501714910079
46,101,22.239059448246724,20.2818441391036,33.346084594863264,1.644134742687016,1,0.9070497875462921
46,102,22.202705383304828,20.244922637943358,31.31865692153669,1.5469882242394328,1,0.9622550640434334
46,103,22.4311294555684,20.472519397737557,29.288558960125332,1.4306279745599872,1,1.0
46,104,22.394775390627036,20.43460845947441,27.24313354510192,1.3331859819643752,1,1.0
46,105,22.35842132568807,20.395784378056224,25.20045471211224,1.2355717360507767,1,1.0
46,106,22.322067260750256,20.356035232551925,23.161651611550244,1.137827251080396,1,1.0
46,107,22.285713195810157,20.315439701089694,21.126861572518436,1.0399411424693514,1,1.0
46,108,22.249359130867344,20.27412652970157,19.096130371383797,0.9418965765754688,1,1.0
46,109,22.213005065928627,21.372687399398018,17.042083740570988,0.7973767370523088,1,1.0
46,110,22.441429138191236,21.453783094889907,14.907180786534003,0.6948509137339398,1,1.0
46,111,22.405075073246675,21.283721566204704,12.766235352046584,0.5998121762839359,1,1.0
46,112,22.368721008303357,21.12601959705537,10.640975952743162,0.5036905274018748,1,1.0
46,113,22.332366943361393,20.979492306711187,8.531250000754545,0.4066471140498219,1,1.0
46,114,22.296012878421635,20.843138337137802,6.43598938090359,0.30878216498885386,1,1.0
46,115,13.291429724876147,-0.5833578234053842,4.3541870132666345,inf,1,0.0
49,63,14.663402557373292,12.84988195887078,11.509506735054563,0.8956896858580944,1,1.0
49,64,14.892513275146717,12.939138018184062,10.287727864173814,0.7950860288927996,1,1.0
49,65,15.121623992920153,13.02408082288577,9.08449278129631,0.6975150803220709,1,1.0
49,66,15.350734710693594,13.110614294544403,7.915040361299317,0.6037123954285596,1,1.0
49,67,15.579845428467058,13.197622853712929,6.8038302340818335,0.5155345253836898,1,1.0
49,68,15.808956146240488,13.28443905428398,5.7938150721052315,0.4361354701113131,1,1.0
49,69,16.038066864013935,8.204353785564926,5.639347576532219,0.6873603605995534,1,0.8776492540767542
49,70,16.26717758178737,8.33133531547917,4.9434259798014155,0.5933533812541187,1,1.0
49,71,14.250256437992487,4.104992356530534,4.586349891820522,1.1172614936844418,1,0.270158485708588
54,60,15.076175689728199,6.837018336757479,27.542208984814312,4.028394780915048,0,0.12479460526261833
54,61,15.323329925568618,7.059265326019643,26.901712055495967,3.810837362400778,0,0.13620723677018998
54,62,15.570484161408968,7.28819119959469,26.257948133878703,3.6028072555696613,0,0.1487441247117645
54,63,15.817638397249281,7.522120904587744,25.61390593063831,3.4051441415966046,0,0.16242987149377996
54,64,16.064792633089613,7.759745268722359,24.97323670296098,3.218306250802073,0,0.17728875395587854
54,65,16.311946868930004,8.000063273886635,24.340370342027715,3.042522228727641,0,0.193339572363719
54,66,16.559101104770335,8.242328346115691,23.720483890462145,2.8778863076524663,0,0.2105898183850823
54,67,16.806255340610676,8.485996087665239,23.119615437577586,2.7244433297798647,0,0.22902671299609575
54,68,17.053409576450996,8.723908548371185,10.460236410300274,1.199030956400073,1,0.5349852398946647
54,69,17.300563812291387,8.97064844959735,9.613739514269067,1.0716883587942387,1,0.6154835015554243
54,70,17.547718048131745,9.217550121325619,8.79208544143365,0.9538418913603065,1,0.7105591025847985
54,71,17.79487228397211,9.464558043441054,8.016670123210805,0.847020017883071,1,0.8216138590046957
54,72,18.042026519812428,9.711637426065789,7.317832920302107,0.7535117508259965,1,0.9476839431209083
54,73,18.28918075565278,9.95876300426801,6.737044944964818,0.6764941531470862,1,1.0
54,74,18.536334991493128,14.843935948216307,47.73552788639328,3.215826857035807,0,0.3394044291151225
54,75,18.783489227333504,14.798749341456421,46.93284291194531,3.1714060309454775,0,0.34311069705767566
55,118,22.458650588999856,19.514361410401456,33.89201414597818,1.7367729044883433,1,0.8261756685416588
55,119,22.422296524066386,19.529109421038605,31.92201279857715,1.63458620208189,1,0.8784877335858028
55,120,22.38594245912572,19.51127143448186,29.95730828100245,1.5353847329528474,1,0.9343927164104602
55,121,22.34958839417562,19.45579210551796,28.00132578486693,1.4392282582483662,1,0.9939861455167951
55,122,22.313234329235144,19.44403516664055,26.05231734099478,1.3398616654269289,1,1.0
55,123,22.276880264288685,19.356480514936738,24.101609939568583,1.2451442255202432,1,1.0
55,124,22.240526199342092,19.125276026208603,22.15366004537155,1.158344591472194,1,1.0
55,125,22.20417213439942,18.811465832412324,20.224238323493775,1.0751016695704398,1,1.0
55,126,22.449762344360398,18.779828327807092,18.320514682886447,0.9755421808494094,1,1.0
55,127,22.413408279419023,18.847819444989245,16.42356525403955,0.8713774716473002,1,1.0
55,128,22.377054214477614,18.915180943334175,14.529857356126577,0.7681585177353002,1,1.0
55,129,22.340700149536904,18.964228801829137,12.640254065440864,0.6665314048637552,1,1.0
55,130,22.304346084595693,18.961197972044562,10.756953066096239,0.5673139999885951,1,1.0
55,131,22.267992019656894,18.891321813351592,8.884336622867288,0.4702866591679261,1,1.0
55,132,22.231637954713268,18.702033806386577,7.029851670045163,0.3758870154348952,1,1.0
55,133,22.19528388977054,18.4067957248584,5.211356970299998,0.283121356275066,1,1.0
55,134,12.111667908653748,-1.377721396591733,4.67234753910518,inf,1,0.0
57,60,14.956320762636938,11.244098120876373,24.227291593611454,2.1546673937885523,0,0.38371208616052854
57,61,15.201510429385,11.258186297958906,23.10262104790023,2.052073081441964,0,0.4034007480107389
57,62,15.446700096133135,11.2734912345045,21.976499137511343,1.9493960371609116,1,0.42522564076560704
57,63,15.691889762881148,11.29071691225881,20.84880725296442,1.846544149054697,1,0.44959649266182544
57,64,15.93707942962927,11.3108218006073,19.71931233022158,1.7434022635882047,1,0.4770431305178748
57,65,16.182254791262658,11.335059194319676,18.58772811907965,1.6398439390942479,1,0.5082558254517808
57,66,16.42742538452448,11.365014857477732,17.453585525098333,1.5357292307994268,1,0.5441472626867137
57,67,16.672595977786163,11.402536431261218,16.316293500893,1.430935441360241,1,0.5859256624598422
57,68,16.91776657104792,11.449635632965926,15.17505128829053,1.325374166894739,1,0.635205509539
57,69,17.16293716430968,11.508327614777912,14.028848432329866,1.219017124114136,1,0.6941662616307195
57,70,17.408107757571457,11.580426045305014,12.876499114364458,1.1119192907056217,1,0.7657947138911455
57,71,17.65327835083324,11.66733851181918,11.716626861053006,1.0042244723750748,1,0.8542836399961213
57,72,17.898448944094973,11.769893814464352,10.547752299693235,0.8961637603502257,1,0.9657089552163971
57,73,18.143619537356734,11.888290930860787,9.368312238629036,0.7880285142004605,1,1.0
57,74,18.388790130618442,12.022100276123366,8.176736072224735,0.6801420620708212,1,1.0
57,75,18.633960723880293,12.1704257866225,6.971484160696561,0.5728217141227289,1,1.0
57,76,18.879131317142033,12.332034833886157,5.751155173706773,0.4663589789662011,1,1.0
57,77,12.383649484093976,-0.4139247538879065,4.514441849565484,inf,1,0.0
58,64,14.243875503540657,11.085969267176791,25.001045724909336,2.2551970984559864,0,0.36145168846448206
58,65,14.463010787964516,11.235352923672508,23.88946956570256,2.126276738078094,0,0.38853309950295184
58,66,14.68214607238836,11.381556106478385,22.76302753567996,1.999992560131847,1,0.4184411193115547
58,67,14.901281356812179,11.5245168240648,21.622017182003333,1.8761755926160428,1,0.45165865406253514
58,68,15.120416641236007,11.664158780413718,20.46678564281527,1.7546730997166116,1,0.48878548032249763
58,69,15.339551925659864,11.800396139558124,19.2976571682201,1.6353397750376468,1,0.5305785378529306
58,70,15.558687210083708,11.933123989440805,18.114978896347033,1.5180416219907151,1,0.5780049603042106
58,71,15.777822494507541,12.062223130138408,16.919097965465323,1.402651715436405,1,0.6323224515201606
58,72,15.99695777893137,12.119665759500464,15.712017092369766,1.2964067990120356,1,0.687401435074272
58,73,16.21611213684155,12.177153472950405,14.498901378059186,1.1906642558350087,1,0.7519995056932842
58,74,16.435266494751698,12.234679349627028,13.280036926768812,1.0854421719825171,1,0.8287947519716963
58,75,16.654420852661872,12.292262456268706,12.055419926045337,0.9807323890889926,1,0.9215998550903379
58,76,16.87357521057204,12.349921859485995,10.825035119944305,0.8765266082740092,1,1.0
58,77,17.092729568482202,12.407695699159895,9.58888251237882,0.77281735020533,1,1.0
58,78,17.311883926392394,12.465612582955007,8.346962109215829,0.6695990312284483,1,1.0
58,79,17.531038284302543,12.523739260357036,7.099235773331305,0.5668623105084443,1,1.0
58,80,17.750192642212696,12.5821424839028,5.8456958937265435,0.46460258268457416,1,1.0
58,81,9.75657577548569,0.006930470613575324,5.100578954687212,735.964300129382,1,6.924159600936997e-07
59,62,14.503337860107653,8.296642303466836,21.406574249267578,2.580149109275523,0,0.23643874921918193
59,63,14.733554840088123,8.365459442138178,20.57550048828125,2.4595780579174304,0,0.25008651786507946
59,64,14.963771820068605,8.445024490354779,19.737335205078125,2.33715547274262,0,0.26568950604969244
59,65,15.19398880004908,8.538618087768622,18.890911102294922,2.2124084843841096,0,0.28378103307259855
59,66,15.424205780029544,8.648681640625014,18.034793853759766,2.0852650846859526,0,0.3049648115463181
59,67,15.654422760010014,8.776435852050561,17.16730499267578,1.9560679622200787,1,0.32990988966432794
59,68,15.884639739990483,8.921813964843665,16.28668975830078,1.825490850008569,1,0.3593640213020041
59,69,16.114856719970955,9.083595275879143,15.39120864868164,1.694396126339086,1,0.3941884704299606
59,70,16.345073699951435,9.259786605834446,14.479267120361328,1.5636717925268568,1,0.43542811570031886
59,71,16.575290679931907,9.34756278991693,13.551887512207031,1.4497776390253554,1,0.4740870426435265
59,72,16.80550765991236,9.443054199217801,12.615188598632812,1.3359225026663268,1,0.5197473799153052
59,73,17.035724639892845,11.03373622894312,11.631515502929688,1.054177412037321,1,0.7696087254546384
59,74,17.265941619873335,11.892834663390087,10.513359069824219,0.8840078389542965,1,0.9892142337203728
59,75,17.496158599853803,12.062941551208457,9.32342529296875,0.7728981570033999,1,1.0
59,76,17.72637557983425,12.118140220641873,8.116485595703125,0.6697798051451506,1,1.0
59,77,17.956592559814748,12.174254417413682,6.903541564941406,0.5670607273548343,1,1.0
59,78,18.18680953979521,12.231579780578134,5.684967041015625,0.4647778245327294,1,1.0
59,79,11.495561599849262,-0.4143848418377587,4.605361938483696,inf,1,0.0
61,61,14.909981727608635,10.76498603776403,16.93353652968919,1.5730198321006288,1,0.503199689450212
61,62,15.150460243233814,10.854841231890864,15.855255127091977,1.4606620943022364,1,0.5464303439472015
61,63,15.39093875885894,10.943771361880707,14.768001556526368,1.3494435389948114,1,0.5963117740560886
61,64,15.631417274484152,11.032110213864218,13.671867370726392,1.2392794402601917,1,0.6545614719296304
61,65,15.871895790109178,11.210084914872116,12.564739227408657,1.120842466656016,1,0.7354030331150155
61,66,16.11237525940871,11.39420223207848,11.440025329698347,1.0040216152641963,1,0.834453138175088
61,67,16.352853775033832,11.560961723099108,10.29733657847381,0.8906989595769925,1,0.9543861096879134
61,68,16.593332290658935,11.929996311653237,9.132929021023259,0.7655433231024724,1,1.0
61,69,16.833810806284085,12.293571516987694,7.931615845397217,0.6451840162508534,1,1.0
61,70,17.07428932190927,12.627796807142957,6.691922981066469,0.5299359091113313,1,1.0
61,71,17.314767837534383,12.89862956470294,5.415776894510739,0.4198722714954925,1,1.0
61,72,9.30440528627796,-1.8814659958157698,4.643664108856122,inf,1,0.0
62,63,14.329917907718517,8.187721792676378,48.96296142205057,5.9800470340658345,0,0.1006745203974142
62,64,14.553821563724426,8.272320449210689,48.322374094106024,5.8414533613379,0,0.10412800016266784
62,65,14.777725219730332,8.358704063892572,47.702777248383335,5.706958505020763,0,0.10769494686049784
62,66,15.001628875736255,8.447227020702673,47.10725491693709,5.5766531195959885,0,0.11137856713601631
62,67,15.225532531742171,8.538299616733449,46.53912831351533,5.450631905948517,0,0.1151822686107386
63,60,15.05521774295076,12.168203353912274,12.208164215410061,1.0032840395854281,1,0.8917921541104179
63,61,15.302028656037303,12.142377853424739,10.991855621725149,0.9052473703595803,1,0.9862739514310532
63,62,15.548839569123782,12.1165618896804,9.778133392803712,0.8070056078475271,1,1.0
63,63,15.795650482210101,12.090769767793432,8.566993713955798,0.7085565169536162,1,1.0
63,64,16.042461395296616,12.065020561251197,7.358425141101689,0.6098974389429956,1,1.0
63,65,16.28927230838311,12.039357185397156,6.152431488960145,0.5110265767696125,1,1.0
63,66,16.536083221469553,12.013846397433907,4.94900131348165,0.4119414507029764,1,1.0
63,67,10.965525161995167,-1.827638308456045,4.300689704565535,inf,1,0.0
64,61,14.877743721016863,7.160305268157016,15.267106501600205,2.132186538120852,0,0.24692634767655985
64,62,15.117707252511115,7.299012381098526,14.655829412515814,2.00791951668262,0,0.2672876489253785
64,63,15.357670784005478,7.450820208992961,14.090685201022303,1.8911589336185008,1,0.28969243007174605
64,64,15.597634315499658,7.6153277920306826,13.587722206643301,1.7842596638929493,1,0.3138279614087762
64,67,16.317550659189063,16.314521848940338,7.502648717109375,0.4598754892468202,1,1.0
64,68,16.55753326416968,16.55389546099817,6.102278680972449,0.3686309784515513,1,1.0
64,69,16.797515869150267,16.79448705906352,4.835631107350149,0.28792966944116893,1,1.0
64,70,17.037498474130835,17.033860670385998,3.868129442982305,0.22708471777670416,1,1.0
65,64,14.35876750946881,6.210039270675651,27.302462257194744,4.396503961918463,0,0.10385991655270846
65,65,14.579676628121174,6.3894978568707295,26.746643929285803,4.186032224821033,0,0.11223420978505244
65,66,14.800585746773747,6.577916891376315,26.197291916112345,3.9826121777940275,0,0.12144550814082246
65,67,15.021494865426076,6.773652163536953,25.65781482198682,3.7878849109059134,0,0.13148832944992578
65,68,15.242403984078493,6.975234356120501,25.132320037920444,3.6030789439881397,0,0.14234627858550625
65,69,15.463313102731131,7.181418133536848,24.62561366835253,3.429073925295089,0,0.15399068742733962
65,70,15.684222221383482,7.391172254426481,24.143199288560297,3.266491221889902,0,0.16637685859298232
65,71,15.905131340036057,7.603665821060565,23.691322770727663,3.1157764331393487,0,0.17943940686227602
65,72,16.12603950501407,11.301689537843895,17.512469602616175,1.5495443883832924,1,0.5362909187338724
65,73,16.346948623666684,11.448581839786936,16.55999339646929,1.4464667876084714,1,0.5819749858283559
65,74,16.56785774231909,11.601437034696879,15.646863145477534,1.3487004324276242,1,0.6324954157915367
66,64,14.232897758484516,10.59964963427034,28.730595696055783,2.710523148158146,0,0.28754080298096185
66,65,14.451861381531396,10.564945591961662,27.643719330431136,2.6165510356687363,0,0.2968924450978731
66,66,14.670825004578292,10.54240475002084,26.56019847388664,2.51936812365643,0,0.3076869999964267
66,67,14.889788627625174,10.533469902371875,25.47979262565575,2.4189362918214004,0,0.32019026229890635
66,68,15.108752250672058,10.538299477119175,24.402215154179906,2.3155742733599625,0,0.3346361939099088
66,69,15.32771587371894,10.555822890236165,23.327169106327165,2.2098863678268166,0,0.3512232389463334
68,97,22.42765426636371,14.09434318542942,56.95576477057035,4.0410371750739404,0,0.2564561321105772
68,98,22.391300201419547,14.057989120485265,55.54814910895451,3.951358094879295,0,0.2616000994603586
68,99,22.354946136478265,14.021635055543985,54.14311218268828,3.8613979017575946,0,0.26700241825486215
68,100,22.318592071536926,13.985280990602632,52.741706848221526,3.7712296866728066,0,0.27267750045486766
68,101,22.282238006596874,13.9489269256626,51.34392547615755,3.680851276215186,0,0.27864651805423213
68,102,22.245883941667536,13.912572860733272,49.949790954679976,3.5902626677814458,0,0.28493271753163046
68,116,22.27281570436918,18.50705655905496,3.443182109182919,0.18604698689907395,1,1.0
69,61,14.939230918884697,14.204353601462536,10.866339977118734,0.7650006668377992,1,1.0
69,62,15.180186271667903,14.406863069509154,9.479501906064403,0.6579851464075429,1,1.0
69,63,15.421141624451122,14.613480556868163,8.088627405317133,0.5535045107043698,1,1.0
69,64,15.662096977234338,14.816136918831607,6.704404466415264,0.4525069188510152,1,1.0
69,65,15.903052330017546,15.011767628968107,5.3498170964034655,0.35637489392521365,1,1.0
69,66,16.036549515759138,14.846886534192269,4.100248085431643,0.276168884027557,1,1.0
70,62,14.840125083924281,7.242190190883745,9.573227618231332,1.3218691260389472,1,0.4028492489415439
70,63,15.075682640076652,7.316995517716381,8.844143114940701,1.2087123865972982,1,0.44511364512219825
70,64,15.31124019622901,7.416280551180403,8.1089838775535,1.0934030639203427,1,0.4987316794733725
70,65,15.546797752381373,7.540285324139093,7.364782470924821,0.9767246402927982,1,0.56764488326596
70,66,15.782355308533715,7.687638098039507,6.6086851796101636,0.8596509220817123,1,0.6575547035300648
70,67,16.01791191101176,7.855673760049946,5.838127794345158,0.7431734021383342,1,0.7772386214709945
70,68,16.253469467164123,8.041007504104677,5.050975165133421,0.628152027287011,1,0.9412539100224101
70,69,11.415872173217872,-1.4094524638334782,4.556972529664195,inf,1,0.0
71,62,14.59285736084647,6.356989248505613,18.33836989507259,2.884757104062042,0,0.16203294183035125
71,63,14.82448577881535,6.563106030250662,17.71358771323478,2.6989641233265664,0,0.1788024233382276
71,64,15.056114196784177,6.775847483375536,17.076571901648393,2.5202119651520443,0,0.1976913396766244
71,65,15.28774261475304,6.993613557561355,16.429024591074697,2.349146754514619,0,0.2189034337718122
71,66,15.519371032721883,7.215130780781445,15.773335145328904,2.186146810719424,0,0.24267552367249123
71,67,15.750999450690781,7.439423060537681,15.112725106010231,2.0314377853002443,0,0.26927548826176595
73,63,14.248305320739746,9.902739524839863,29.190845489506724,2.9477545497672546,0,0.24701602519045218
73,64,14.470931053161621,9.99182224273617,28.19889450073736,2.822197374581731,0,0.2603265167004067
73,65,14.693556785583496,10.064702033996575,27.198322296147698,2.7023474916870005,0,0.2738550917020717
73,66,14.916182518005371,10.125994682311806,26.190670013433053,2.586478744570466,0,0.2878656683670428
73,67,15.138808250427246,10.179286003112793,25.177043914800453,2.473360499656007,0,0.3026153737385575
73,68,15.361433982849121,10.227570533751363,24.158161163335844,2.3620625331903615,0,0.31837736493497387
73,69,15.584059715270996,10.273547172544104,23.13449478150016,2.25185073791521,0,0.3354609022769826
73,70,15.806685447692871,10.319743156433091,22.106220245367627,2.1421289183526935,0,0.3542292143830907
73,71,16.029312133789062,10.368619918823242,21.073261260992936,2.032407536005485,0,0.3751208898493417
73,72,16.251937866210938,10.422607421874888,20.035301208503046,1.9222926085130205,1,0.39867405690007746
73,73,16.474563598632812,10.484090805053672,18.991783142097177,1.8114859452516876,1,0.42555617492039166
73,74,16.697189331054688,10.555349349974481,17.941909790046825,1.6997930807557973,1,0.45660182845872976
73,75,16.919815063476562,10.638395309446048,16.884666442879343,1.58714410883821,1,0.49285691505138135
73,76,17.142440795898438,10.734802246093718,15.818847656258804,1.4736040118498799,1,0.5356416569298301
73,77,17.365066528320312,12.46171951293938,14.701416015634473,1.1797261204899974,1,0.7767081608590687
73,78,17.587692260742188,13.928678035736077,13.426063537608028,0.9639151327327319,1,1.0
73,79,17.810317993164062,14.757152963703422,12.016362556396434,0.8142737685210545,1,1.0
73,80,18.032943725585938,16.238824634396178,10.507116947880082,0.6470367889572802,1,1.0
73,81,18.255569458007812,17.789774162148543,8.846024056665623,0.49725330833526743,1,1.0
73,82,18.478195190429688,17.848926826746588,7.06778228493812,0.39597799652285315,1,1.0
73,83,18.700820922851562,17.85262253004287,5.277350806000688,0.2956064744616552,1,1.0
73,84,10.42526495562412,-1.9631817782346541,4.287861051769221,inf,1,0.0
74,63,14.655510902404785,8.820417894120402,9.003385263228257,1.020743616833599,1,0.6353800587903032
74,64,14.884507179260256,8.83391295451576,8.122088538615298,0.9194213912265697,1,0.7064795634780832
74,65,15.113503456115723,8.85033268188587,7.257652277783688,0.8200428773302557,1,0.7935679633480184
74,66,15.342499732971191,8.870635941372097,6.420827638068469,0.7238294616648764,1,0.9011136977592835
74,67,15.57149600982666,8.896035406131183,5.628880535089034,0.6327403475945685,1,1.0
74,68,15.800492286682129,8.928006348718188,4.909949013655529,0.5499490952266696,1,1.0
77,62,14.887069702148542,6.6960145091316505,27.22083484305422,4.065229369788844,0,0.12111346328533482
77,63,15.12337112426769,6.897636307876024,26.58717338654793,3.8545339591461976,0,0.13157988635216095
77,64,15.359672546386829,7.107428827438296,25.947561924027486,3.650766339559628,0,0.14314941363902522
77,65,15.59597396850597,7.323675478096984,25.30390391522705,3.4550826276920352,0,0.1558589498103521
77,66,15.832275390625115,7.544932594078542,24.65867316321934,3.268243003598482,0,0.1697470031561668
78,60,14.960120201113494,6.640578269960924,40.04255294800573,6.029979818043972,0,0.08097503286936449
78,61,15.205367088320566,6.881304740906602,39.373676300057056,5.721832963739611,0,0.08842940592272248
78,62,15.450613975527645,7.123499870302814,38.68070220948145,5.4300137451728725,0,0.09646140502589999
78,63,15.695860862734714,7.3666868209865335,37.963474273691354,5.153398698250532,0,0.10510891555622033
78,64,15.941107749941796,7.610560417178119,37.221920013438414,4.890825113144524,0,0.11441832773183552
78,65,16.186355590823183,7.854892730715386,36.45597457886898,4.641180450028723,0,0.124443694483112
78,66,16.431602478030257,8.099529266359651,35.665588378918635,4.403414964749995,0,0.13524812612346146
78,67,16.676849365237352,8.344356536867979,34.850738525403905,4.176563929336245,0,0.1469044023009578
78,68,16.92209625244442,8.589317321780252,34.01139831544404,3.9597324259053828,0,0.1594975069525044
78,69,17.16734313965148,8.834373474124074,33.14756774903901,3.7521130214981753,0,0.17312545787938236
78,70,17.412590026858553,9.079505920413196,32.25922393800523,3.5529712983035484,0,0.18790208909396863
78,71,17.657836914065637,9.32467651367498,31.346382141131745,3.361658937461383,0,0.2039582217297932
78,72,17.90308380127273,9.569866180423093,30.409011840840463,3.1775796304286517,0,0.2214473633249402
78,73,18.148330688479785,9.8150749206575,29.447120666525933,3.0001931625146785,0,0.24055007336179549
78,74,18.39357757568685,10.060302734378244,28.460700988793644,2.8290103926532186,0,0.26147947146278677
78,75,18.638824462893925,10.305530548098996,27.449760437038158,2.663595077315225,0,0.2844875355035989
78,76,18.884071350101028,10.550758361819774,26.414291381865002,2.503544340229693,0,0.30987709845993117
78,77,19.12931823730807,10.796005249026814,25.354301452668725,2.3484891742669576,0,0.33801472200415733
78,78,19.374565124515147,11.041252136233895,24.269783020054845,2.198100606760813,0,0.36934468432700956
78,79,19.619812011722257,11.286499023441007,23.160743713417975,2.0520751089700418,0,0.4044148435156815
78,80,19.865058898929313,11.531745910648063,22.027175903363677,1.9101336496691672,1,0.4439074164139582
78,81,20.110305786136376,11.776992797855126,20.869087219286566,1.7720217357258918,1,0.488682128060204
78,82,20.355552673343446,12.022239685062196,19.68647003179224,1.6375043708580324,1,0.5398386885976538
78,83,20.600799560550527,12.267486572269277,18.479331970275414,1.5063665944455198,1,0.5988058118232594
78,92,22.24481964111516,15.346807828825078,5.655322226130105,0.3685015339481882,1,1.0
78,93,13.58089235708781,-1.334439960949032,4.459415556763107,inf,1,0.0
79,61,7.406703153219112,-1.0909077840302448,4.488820005145031,inf,1,0.0
81,62,14.806157112129185,11.410504341049663,4.878330231079942,0.4275297642655452,1,1.0
83,61,14.891933441164747,7.898772058532346,22.256604879228725,2.817729732457196,0,0.2061205716209339
83,62,15.132125854494879,7.935717078878163,21.4350899716214,2.701090494855644,0,0.21602704902052025
83,63,15.372318267824989,7.986525443294099,20.63688742529521,2.583963147907206,0,0.227265051502337
83,64,15.6125106811551,8.053979562016632,19.864014131655328,2.4663601364642136,0,0.2401126951431488
83,65,15.852703094485218,8.14052270716833,19.118663632932282,2.348579362857976,0,0.2548637936539321
83,66,16.092903137209916,8.24779484992624,18.40346350990459,2.231319261059115,0,0.27179234915185907
83,67,16.33311462402636,8.376324935070091,17.721737942124875,2.1156937057118337,0,0.2911131434398808
83,68,16.573326110842807,8.5254578285724,17.077835770847123,2.0031576150212254,0,0.3129418745978673
83,69,16.813537597659227,9.837754201093563,39.6780313209256,4.033240769170162,0,0.17935063163635673
83,70,17.05374908447567,11.1946609740905,38.99480116416153,3.483339178775767,0,0.2363068291901102
83,71,17.293960571292146,12.577793738227765,38.23971410788797,3.0402560976704343,0,0.3041973258694674
83,72,17.534172058108588,14.008645374132485,37.41119724377473,2.670579220518779,0,0.3857018904611397
83,73,17.774383544925037,14.16680117944135,36.535734784886955,2.5789685562826326,0,0.40391208135292417
83,74,18.014595031741464,14.297794290656446,35.70330775494587,2.497119977329499,0,0.4210083669464059
83,75,15.292780444464853,10.411622568806493,4.766144458540409,0.457771536284835,1,1.0
85,62,14.788454055787078,7.596568908520766,23.40304788082274,3.0807392340734885,0,0.18131078317038157
85,63,15.023191452027326,9.196563148015713,22.6036533020181,2.4578370134820586,0,0.2751272256139385
85,64,15.257928848267577,10.599647776152015,21.655910912832987,2.04307835224075,0,0.3814762488373183
85,65,15.492666244507827,12.0147123964662,20.567910696227944,1.7118937197595703,1,0.516056998654306
85,66,15.727403640748076,12.22299001756407,19.36726685506526,1.5844950234954849,1,0.5672149502966988
85,67,15.962141036988324,12.418675538935526,18.14117674393726,1.460798028506367,1,0.6250952489361817
85,68,16.19686317443951,12.603904962386396,16.89572519618097,1.3405151218295102,1,0.6913444710401382
85,69,16.431581497193434,12.78037268781642,15.631930464928132,1.2231200800450923,1,0.7683082807652128
85,70,16.666299819947366,12.961460739870079,14.35035402302055,1.107155613940809,1,0.8608081572396998
85,71,16.90101814270128,13.144228444383518,13.05064943305599,0.9928806006587998,1,0.9734175337650346
85,72,17.135736465455196,13.329908018478845,11.732636131796054,0.8801738253205843,1,1.0
85,73,17.370454788209102,13.51038308625012,10.396235897828971,0.7694997122923553,1,1.0
85,74,17.605173110963037,13.682765942935152,9.041967426466467,0.6608289189610177,1,1.0
85,75,17.83989143371698,13.848373042285326,7.670681082745239,0.5539048564999796,1,1.0
85,76,18.074609756470892,14.008141319927857,6.28307588915654,0.448530304317982,1,1.0
85,77,18.30932807922479,14.162680852153063,4.879811171269482,0.3445542000282832,1,1.0
87,63,14.43391227723068,8.224490562790303,31.594854778866043,3.8415576670255107,0,0.1574210269800773
87,64,14.659437179575022,8.309807973503053,30.830150086806935,3.7100917596547403,0,0.16469007554309198
87,65,14.88496208191856,8.397115372301336,30.07229192508696,3.581264588108817,0,0.17240696370098127
87,66,15.11048698426284,8.486805549326746,29.32370154551326,3.4552107238794334,0,0.18060543036946541
87,67,15.336011886606286,8.579324962109894,28.587185457278782,3.332101952488393,0,0.18931975275579313
87,68,15.56153678895061,8.675161831156643,27.865917664002,3.212149606699232,0,0.19858338636476347
87,69,15.787061691294067,8.774847317024989,27.163499139390936,3.0956093203682555,0,0.20842725769710518
87,70,16.01258659363845,8.878944664770007,26.484014135147273,2.9827885109173944,0,0.21887692536777134
87,71,16.238111495981897,8.988022682342077,25.832055637056357,2.874053231730953,0,0.22994842735129747
87,72,16.46363639832617,8.139374621232594,11.573974665469473,1.4219734566925188,1,0.42088227822751956
87,73,16.68916130066966,8.36333700787343,10.823674114745861,1.294181270533068,1,0.4751662418400111
87,74,16.91468620301403,8.587728763930478,10.099027166573082,1.1759834811027385,1,0.5369553693173746
87,75,17.140211105357437,8.81243292493227,9.416248805732726,1.068518635653059,1,0.6064218138695983
87,76,15.843995556280232,7.515621565899897,8.80162124659568,1.1711102228098682,1,0.47187636314953063
89,63,14.664561271667717,9.608746972262646,5.251776906096955,0.5465620981858657,1,1.0
89,64,10.324087152278109,-1.1802863331064017,4.289616632931091,inf,1,0.0
91,61,14.861164093021378,6.581113212481508,18.873261310641194,2.8677916184220673,0,0.16873798645696453
91,62,15.100860595706989,6.8065917596057375,18.235154040117855,2.679043298635278,0,0.18681470675044873
91,63,15.340557098392624,7.036106710940363,17.587701974670036,2.4996354798489793,0,0.2069744935771202
91,64,15.580253601078208,7.26855476651968,16.934039224239207,2.329767026347597,0,0.22940171713203816
91,65,15.819950103763789,7.5031099383357525,16.27820136515669,2.1695272358980415,0,0.25429469196932175
91,66,16.05964279175215,7.739164618679096,15.625296570070038,2.018990077088828,0,0.28185191617296984
91,67,16.299320220951458,7.976270714892255,14.981655928202624,1.8782782660862833,1,0.31224899118070065
91,68,16.538997650150723,8.214137948649894,14.355075383711936,1.7476058319755137,1,0.3456046669491986
91,69,16.778675079349956,8.602173090435022,8.245688821063187,0.9585588123344996,1,0.6598580275918917
91,70,17.018352508549263,8.809704349950417,7.388491564896033,0.8386764494472073,1,0.7723745898669122
91,71,17.258029937748567,9.023588969832405,6.553907469047364,0.7263082894132632,1,0.913522809293919
91,72,17.497707366947846,9.242737085852387,5.76738448255434,0.6239909703135799,1,1.0
91,73,17.73738479614712,9.466180645387809,5.070377789523219,0.5356307870580994,1,1.0
91,74,17.977062225346394,9.693089964618691,4.527171086202317,0.4670513843085339,1,1.0
91,75,18.216739654545677,15.022593398530576,23.390427005108236,1.5570165805989367,1,0.709435255563817
91,76,18.45641708374496,15.083496945688463,22.25498123585869,1.4754523646600504,1,0.7516885562257692
91,77,18.696094512944224,15.145448855392782,21.202258799403577,1.3999095703165092,1,0.7955056304084588
92,64,14.344213485718685,6.028426170350031,30.410362243652344,5.044494430938119,0,0.08787136872512366
92,65,14.564893722535112,6.243823051450821,29.803199768066406,4.773229401679041,0,0.09618323309049304
92,66,14.785573959351531,6.460803031921953,29.17446517944336,4.515609752424934,0,0.10520374268607628
92,67,15.006254196167955,6.678889274596951,28.52402114868164,4.270773174391781,0,0.11498967038273017
92,68,15.226934432984374,6.897757530213324,27.851760864257812,4.0377993488843975,0,0.12561001918836978
92,69,15.44761466980076,7.117178916932106,27.15758514404297,3.8157794627635093,0,0.1371468095294946
92,70,15.668294906617216,7.336981773377463,26.441471099853516,3.6038621761059115,0,0.14969605594288934
92,71,14.799279574712312,6.467356089910062,25.747741756758483,3.981185108537381,0,0.1194470681466707
93,62,14.783972740173448,6.468826293942422,29.385848999023516,4.542686364378216,0,0.10470654455290652
93,63,15.018633842468374,6.6977653503416406,28.73437881469733,4.290144146843192,0,0.11479398581771026
93,64,15.253294944763292,6.928497314453015,28.059989929199283,4.049938775420387,0,0.12579161320585483
93,65,15.48795604705822,7.160449981689119,27.362499237060614,3.821337947619588,0,0.13777993005098463
93,66,15.72261714935315,7.393260955808669,26.641796112060614,3.6035243813663755,0,0.15085845732434017
93,67,15.957278251648063,7.626663208007349,25.89780044555671,3.3956921577927055,0,0.1651457297521429
93,68,16.191955566406364,7.860482215879907,25.13046646118171,3.197064222143093,0,0.18078355433634216
93,69,16.42663574218761,8.094571113586325,24.339729309082106,3.0069201897836333,0,0.19793975726120297
93,70,16.661315917968853,8.328850746154874,23.525585174560625,2.824589597240835,0,0.2168157443612445
93,71,16.89599609375012,8.563263893126743,22.687995910644613,2.6494565849891663,0,0.23765317024439161
93,72,17.130676269531367,8.7977533340443,21.826980590820394,2.4809721029978684,0,0.2607419997675859
93,73,17.365356445312635,9.032299995421273,20.942504882812585,2.3186237053052854,0,0.2864370376383419
93,74,17.60003662109389,9.266884803770997,20.034606933593842,2.1619570500586245,0,0.3151721207847753
93,75,16.848409713250536,8.515200675468693,19.123230123839726,2.245775625574103,0,0.27879797500499653
96,98,22.202651977560258,21.569301390725347,19.33262479274374,0.8963027797022965,1,1.0
96,99,22.446754455580546,21.667127480875564,17.220122034664822,0.7947579599494266,1,1.0
96,100,22.410400390638667,21.465693575279165,15.121303739974827,0.7044404918455178,1,1.0
96,101,22.374046325696426,21.246601198056066,13.06430390834111,0.6148891197494879,1,1.0
96,102,22.33769226076501,21.011675062441483,11.064730444944628,0.5265991603269609,1,1.0
96,103,22.301338195836582,20.763198425014096,9.14747750611516,0.4405620617243102,1,1.0
96,104,22.264984130899208,22.26008587303541,43.454532403769825,1.9521277973329,1,0.8384548502984158
96,105,22.228630065952956,22.223439148221015,41.66483697502418,1.8748149958760747,1,0.8715934167114162
96,106,22.1922760010042,22.18668859990695,39.92184833462462,1.7993603756980683,1,0.9066411508172545
96,107,22.436378479034385,22.430260488297844,38.22632032159573,1.7042298880808313,1,0.9677590276808006
96,108,20.46531168967739,20.458494393870062,36.565954663935614,1.787323835271661,1,0.8416499733771833
101,61,14.777282714844171,13.556550087200002,10.422032579369429,0.7687820656680078,1,1.0
101,62,15.015625000000421,13.631182384017631,9.06701837195609,0.6651674166275584,1,1.0
101,63,15.253967285156685,13.69606097837952,7.705519282441553,0.5626084240282966,1,1.0
101,64,15.492309570312942,13.75248843918144,6.339089673359096,0.4609412835642714,1,1.0
101,65,15.730651855469198,13.801876803622248,4.969889181261428,0.3600879251405215,1,1.0
101,66,9.891264063699177,-0.4074150667425478,4.4655758176186,inf,1,0.0
102,61,14.791406631472352,7.738543510434062,24.052322387695884,3.108120068752675,0,0.18307225578519856
102,62,15.029977798464659,7.8351793289180955,23.276508331299418,2.970769060178423,0,0.19392827764664053
102,63,15.268548965456777,7.939091682430454,22.490882873535767,2.8329289764103676,0,0.20606119892736047
102,64,15.507120132448987,8.051205635070943,21.694702148438132,2.6945904913838374,0,0.2196995856091748
102,65,15.745691299441274,8.172360420227877,20.887123107910814,2.5558250045130047,0,0.23511345783355758
102,66,15.984262466433588,8.303242683410675,20.067218780518264,2.4167929983079057,0,0.2526209529232514
102,67,16.22283363342569,8.444310188293668,19.234031677246808,2.277750490965018,0,0.27259577524704487
102,68,16.461404800417924,8.595791816711325,18.386531829834734,2.1390154882635652,0,0.2954833751333628
102,69,16.69997596741018,8.757611274718778,17.52367782592852,2.0009654774830405,0,0.32181564986519645
102,70,16.938547134402466,8.929444313052327,16.64442443847739,1.863993307416447,1,0.3522420306511035
102,71,17.17711830139467,9.110718727113188,15.747810363770405,1.7284926508493188,1,0.3875664663249538
102,72,17.415689468386862,9.300690650941688,14.832908630372021,1.5948179750361013,1,0.4288102612799816
102,73,17.654260635379146,9.498482704159903,13.89886474609474,1.4632721013438987,1,0.47729868235215406
102,74,17.892831802371347,9.703160285951592,12.944885253907312,1.3340896030182194,1,0.5347974127603873
102,75,18.13140296936354,9.9138078689546,11.97033691406365,1.20744088167667,1,0.6037202085954756
102,76,18.369974136355797,10.12954807281502,10.974624633790317,1.0834268769841031,1,0.6874665259456426
102,77,18.608545303348066,10.3495607376132,9.957252502442788,0.9620942139365729,1,0.7909798250901483
102,78,18.847116470340247,10.573140144349926,8.917816162110917,0.8434406468050477,1,0.9217444976890518
102,79,19.085687637332487,10.79963779449521,7.855949401857219,0.727427118515174,1,1.0
102,80,19.324258804324735,11.028538703920747,6.7714004516621875,0.6139889094513394,1,1.0
102,81,19.562829971316948,11.259366035464337,5.663932800295397,0.5030418926301312,1,1.0
102,82,12.739294052153264,-1.545962333664475,4.533332824710065,inf,1,0.0
103,64,14.313498497019468,6.044805526743117,19.250553131183118,3.184643913855593,0,0.13956693640996468
103,65,14.533701896677812,6.247594833378681,18.641990661709812,2.983866777357628,0,0.1539552558205555
103,66,14.753905296336166,6.45496177674219,18.013069152930832,2.790577198742454,0,0.1700829285860291
103,67,14.974108695994587,6.6657428741541125,17.363334655868844,2.604861151064466,0,0.18815903193574937
103,68,15.194312095652817,6.879079818736283,16.692485809443205,2.426557948052664,0,0.20844945943288093
103,69,15.414515495311278,7.094285964966636,16.00026702893956,2.255373847058449,0,0.23128701016682807
103,70,15.634718894969605,7.310865402231716,15.286506652979691,2.090929843724565,0,0.25709309861849694
103,71,15.854922294627956,7.528436660777416,14.551063537760061,1.932813437027371,1,0.2864019405960757
103,72,16.07513237000655,8.944627761851853,13.762554168881897,1.5386391178376508,1,0.42745125231673775
103,73,16.295354843151237,10.18394422532262,12.843299865927523,1.2611321882529907,1,0.5937675965355091
103,74,16.515577316295918,11.434411048900225,11.800041198965552,1.0319762993040638,1,0.8147139802226816
103,75,16.735799789440595,12.72233104706999,10.630950928010387,0.8356134491924531,1,1.0
103,76,16.95602226258527,12.926379203808397,9.3590240481819,0.7240251814231571,1,1.0
103,77,17.17624473572998,13.109189033520487,8.062805176185012,0.6150498826104529,1,1.0
103,78,17.39646720887466,13.276721000682695,6.748603821309384,0.508303505132206,1,1.0
103,79,17.61668968201936,13.433133125317685,5.417854309750277,0.40332022761980546,1,1.0
103,80,9.648647415298393,-2.1126556115597594,4.385475159420596,inf,1,0.0
104,62,14.865040779114723,14.860052221764798,26.752223788444823,1.800277912163871,1,0.6069345689776575
104,63,15.100998878479961,15.095987436664789,25.472863084053543,1.6873929705443207,1,0.6578189524324541
104,64,15.336956977845214,15.331968420474974,24.197916020108053,1.5782654487986754,1,0.7142972178797137
104,65,15.572915077210473,15.567903633915144,22.933189587495267,1.4731071136344027,1,0.7770641971765674
104,66,15.80887317657573,15.803884618695799,21.68509314295503,1.372136893311777,1,0.8468909664000588
104,67,16.04482841491802,16.039816973590675,20.462484494565388,1.2757305478146397,1,0.924488567669723
104,68,16.28076744079695,14.612117999192058,15.162634758714095,1.0376753568204469,1,1.0
104,69,16.516706466675853,14.797790695528096,13.863749265103987,0.9368796701046477,1,1.0
104,70,16.752645492554773,14.97537975163888,12.602390676205621,0.8415406410529548,1,1.0
104,71,16.988584518433694,15.145865613541012,11.400740540744797,0.7527295455831905,1,1.0
104,72,17.22452354431267,15.309307415327957,10.290277898265172,0.6721582903196757,1,1.0
110,73,16.330011367798924,9.226325409544128,13.817054079642714,1.4975684756739374,1,0.4530051821558555
111,69,17.05387878418271,9.063037936703264,6.056145368061935,0.6682246516409149,1,0.9972691768413076
111,70,17.297523498538236,9.246579613831075,5.135985352974596,0.5554470482568674,1,1.0
112,63,14.485768318179971,10.349895292816619,24.240489989706557,2.3421000216814516,0,0.3249313460834812
112,64,14.712113380435895,10.40954890662232,23.3033609473363,2.2386523331968045,0,0.3419057066118305
112,70,16.070177078251174,11.406155043198385,6.231813401148595,0.5463553123332909,1,1.0
112,71,16.296503067020776,11.769370645717611,5.149912976433335,0.4375691047088551,1,1.0
112,72,12.425055117736568,2.1247058713161913,4.529484312853949,2.1318171018410514,1,0.0732841352834521
113,62,14.457134246826405,11.674564599988834,5.800117492675781,0.49681660013953144,1,1.0
113,63,7.961831569689061,-0.5992226600689241,4.629859924316406,inf,1,0.0
114,64,14.345386505127875,10.517719016988103,21.727426944302977,2.0657926789267784,0,0.3743655887227623
114,65,14.566085815430604,10.665648741411289,20.672682504933825,1.9382489528900795,1,0.40461204783605675
114,66,14.786785125733356,10.801167232259052,19.60346638424725,1.8149396229788033,1,0.4375922278101589
114,67,15.007484436036139,11.128616483173396,18.516078161420683,1.6638257046073266,1,0.49180669675725985
114,68,15.228183746338855,11.446541860288074,17.39596934163118,1.5197576310784031,1,0.5538103395669962
114,69,15.448883056641613,11.736965547483925,16.241106366963148,1.3837568408339398,1,0.6236732835871699
114,70,15.669582366944374,11.939469521089043,15.051969687715669,1.2606899880374856,1,0.6963664175956067
114,71,15.89028167724711,11.996440356090158,13.836722064002103,1.1534023137936664,1,0.7647732210215477
114,72,16.11097145080669,12.004252978584137,12.61133528490339,1.050572268628652,1,0.8401760512317576
114,73,16.33165168762308,12.020159171789945,11.384708015890268,0.9471345473202206,1,0.9331675586330708
114,74,16.552331924439507,12.048560327281747,10.15757141312221,0.8430527081415908,1,1.0
114,75,16.773012161255945,12.082960799278016,8.93037007256612,0.739087895832595,1,1.0
114,76,16.9936923980724,12.120504002666973,7.7060398679061155,0.6357854315472766,1,1.0
114,77,17.21437263488878,12.161506012170825,6.490846917334713,0.5337206519356149,1,1.0
114,78,17.435052871705242,12.205555044875446,5.295971531943498,0.4338984595515821,1,1.0
114,79,11.11803350526197,0.39444295811365926,4.850195473955949,12.296316550182548,1,0.00235868673081593
115,62,14.64458370209113,10.886301957513341,27.047353437210997,2.484530885030602,0,0.3221788805491395
115,63,14.877032279972079,10.93919695321736,26.136685105824164,2.389269085985057,0,0.3366522096094144
115,64,15.109480857852995,10.992175946739314,25.25789736676646,2.2978068663701556,0,0.3517476787136075
115,65,15.341929435733903,11.04526446587506,24.417975042046088,2.2107189119361275,0,0.36736999650947316
115,66,15.574378013614824,11.098491692211974,23.624976796536306,2.1286655386798556,0,0.38336955748807994
115,67,15.806826591495765,11.151898517051324,22.888061693865094,2.0523914971849053,0,0.3995302743863416
115,68,16.03927803039959,11.20554635137016,22.21754391452641,1.9827274117526412,1,0.4155574925905074
115,73,17.20161628723587,17.196541324055914,7.957616297001531,0.46274516177679126,1,1.0
115,74,17.434083938603106,17.429158901921287,6.508154294132651,0.37340610242616074,1,1.0
118,62,14.651490211490565,8.957367013153387,37.17189799064252,4.149868810338762,0,0.15871102377908272
118,63,14.884053230289453,9.310215247885152,36.31243695485355,3.9002789933457285,0,0.17551940559835447
118,64,15.116616249088334,9.584104184570837,35.423577488397704,3.6960760031620965,0,0.19066532787211293
118,65,15.349179267887237,9.805909852874848,34.51250484589866,3.519561709592961,0,0.20486152617651016
118,66,15.58174228668612,9.952851431819527,33.584271383409025,3.374336652513392,0,0.21688034909560525
118,67,15.814305305485004,11.030979255959984,32.63235728560376,2.9582466368951477,0,0.2741831616618379
118,68,16.046873092655456,12.093282252557165,31.630238793848136,2.615521421999376,0,0.3399750133399205
118,69,16.279455184940698,13.211666671087691,30.579614805336345,2.3145917594376293,0,0.4197051487785811
118,70,16.512037277225904,14.365872814515336,29.475961057522053,2.051804400477458,0,0.5148220645652609
119,63,14.504392623901474,7.923891067504918,12.761890411376953,1.6105585378012306,1,0.3617621063787445
119,64,14.731023788452248,8.007585525512585,11.967811584472656,1.4945593208268066,1,0.3939576336259352
119,65,14.95765495300304,8.09484672546395,11.165287017822266,1.3793080210771174,1,0.4315274825879822
119,66,15.184286117553816,8.186304092406164,10.353946685791016,1.2647889168196933,1,0.4759166659644604
119,67,15.410917282104604,8.282644271850176,9.533370971679688,1.151005724594535,1,0.5291180991997176
119,68,15.637548446655382,9.699836730953884,8.67092514038086,0.8939248547050708,1,0.7978559778115105
119,69,15.86417961120617,10.982214927673054,7.6752166748046875,0.6988769319624795,1,1.0
119,70,16.09081077575695,12.270169496535615,6.551414489746094,0.5339302355681259,1,1.0
119,71,16.317441940307734,13.60443472862236,5.297847747802734,0.38942064506778784,1,1.0
119,72,8.025880813617123,-1.9530792236271726,4.567787170410554,inf,1,0.0
120,62,14.793197631836884,14.789314323105689,32.971370697025336,2.229404959330224,0,0.4877757080561987
120,63,15.028011322022444,15.025227963925365,31.48736190796329,2.095632890466786,0,0.5271897472328547
120,64,15.262825012208003,15.258941703476983,29.97974014282709,1.9647325958389203,1,0.5710604129970814
120,65,15.497638702393564,15.494855344296461,28.448768615728074,1.8360138241755093,1,0.6205441287224298
120,66,15.732452392579152,15.728569083848107,26.89418792725219,1.7098941285682634,1,0.6763649358830576
120,67,15.967266082764707,15.964482724667626,25.316253662116267,1.5857860288200063,1,0.7402379656138702
120,68,16.20206260681254,16.198179298081516,23.71471023560352,1.4640355436991765,1,0.8135339340449105
120,69,16.436857223511776,16.434073865414604,22.08981704712804,1.3441473628529752,1,0.8989994829561239
120,70,16.671651840211034,16.66776853147998,20.441310882578552,1.2263975734947112,1,0.9993261908188891
120,71,16.906446456910267,16.90366309881319,18.76945495606645,1.1103779604661108,1,1.0
120,72,17.141241073609493,17.137357764878473,17.073997497572286,0.996302798355763,1,1.0
120,73,17.376035690308708,17.3732523322116,15.355178833023915,0.883840200982634,1,1.0
120,74,17.61083030700796,17.606946998276936,13.612762451191067,0.7731472385600553,1,1.0
120,75,17.83514976501575,17.83236640691864,11.84732055666355,0.6643717545006814,1,1.0
122,63,14.253808975220645,8.220993579524901,39.86229467134917,4.848841479529881,0,0.12466582472861078
122,64,14.476530075074162,8.269717314762989,39.0330050804098,4.719992666584697,0,0.12882804965349923
122,65,14.699251174927687,8.320678169063818,38.20031100637731,4.5910093180151605,0,0.1332636309087692
122,66,14.92197227478123,8.374543825486288,37.363720134151535,4.461582733669904,0,0.13801722797578753
122,67,15.144693374634757,8.432086777815645,36.52266765744247,4.331391341172104,0,0.1431425451744013
122,68,15.367414474488287,8.49419435985778,35.676559269030804,4.200111012014581,0,0.14870395399283715
122,69,15.590135574341824,8.5618459853056,34.82470690829999,4.067429730465652,0,0.15477771974869664
122,70,15.81285667419535,8.636100621960622,33.966378551067976,3.9330688742434674,0,0.16145341436354074
122,71,16.035573959351588,8.718035773074867,33.10077134065704,3.79681526920167,0,0.1688341403748735
122,72,16.258275985718797,8.808697929320932,32.22696154816815,3.658538617937662,0,0.17703745806599192
122,73,16.480978012086023,8.909057022127783,31.34400691192444,3.5182182394920214,0,0.18619587462256515
122,74,16.703680038453225,9.0198884040502,30.450861952982883,3.375968813462208,0,0.19645533628402614
122,75,16.926382064820427,9.141728942300018,29.546422930226758,3.232038831682206,0,0.20797582784296223
122,76,16.587781616753727,8.713503370916822,28.640878747056252,3.286953310037304,0,0.19492177613743605
126,63,14.604425430297852,9.819871946350178,14.964361965107056,1.5238856521615811,1,0.4738212521363811
126,64,14.832620620727539,9.899105300838666,14.011692510215468,1.4154503952017137,1,0.5142358872024058
126,65,15.060815811157227,9.988924649645584,13.063842672681847,1.3078327378458465,1,0.5616006790441602
126,66,15.289011001586914,10.090316559082908,12.12417911394678,1.2015657826942079,1,0.6174735098110362
128,61,14.923843383792885,6.706621468655133,36.239826812193435,5.40358912182061,0,0.09126044197687076
128,62,15.164550781253851,6.918528341785871,35.691054499173475,5.158763935909612,0,0.09861186237033401
128,63,15.405258178714885,8.364583595264552,35.130543971652486,4.199915461606596,0,0.14644173603942934
128,64,15.64596557617584,8.864043854579936,34.50438350788413,3.8926232850321654,0,0.16743668286370877
129,62,14.752672195439773,6.617734003327232,26.17345021372824,3.9550471808883345,0,0.12303218298666412
129,63,14.986837387090196,6.806670150578322,25.621990325541272,3.7642473865674724,0,0.13295896917784444
129,64,15.221002578740634,7.005699240342912,25.093746469740946,3.581904619204388,0,0.1438131382340607
129,65,15.4551677703911,7.212921894076629,24.595155555176575,3.409874100449434,0,0.1555370926763305
129,66,15.68933296204167,7.426642537506925,24.133615307784613,3.2495996927147255,0,0.16804428508344446
129,67,15.923498153692083,7.645420326161419,23.71740785399522,3.10217186788776,0,0.1812160264541844
129,68,16.157676696782897,7.868092402061334,23.355619768334588,2.968396731362195,0,0.1948985457103747
130,64,9.768724501091857,0.38961829981584195,4.530465105411653,11.62795768975183,1,0.0024637520330395273
132,70,15.554613113419196,7.5279479381048535,9.298466909838549,1.2351927758123444,1,0.4481289030533274
132,71,15.773691177384345,8.626854115061471,8.214010748481053,0.952144389939359,1,0.6662093640028715
133,62,14.620540618903185,12.412867351063124,10.458981739015742,0.8425919204010476,1,1.0
133,63,14.852607727057624,12.423390150281042,9.202521774450476,0.7407415901079382,1,1.0
133,64,15.08467483521199,12.434895878946335,7.9475077245530406,0.639129414666757,1,1.0
133,65,15.316741943366326,12.448019844523719,6.696961330850064,0.5379941078577466,1,1.0
133,66,15.548809051520703,12.463010556211907,5.456805107416811,0.4378400453730651,1,1.0
133,67,10.327089270601052,-0.3176009163913953,4.498566354197005,inf,1,0.0
136,61,14.741484642033237,6.422336578368117,30.45762252808101,4.742451934186877,0,0.09957520652095515
136,62,14.979254722599705,6.655567169186963,29.810718536381895,4.479065086202644,0,0.10925939442547881
136,63,15.217024803166204,6.890247344974126,29.140468597417165,4.229234037392397,0,0.11979375690961966
136,64,15.454794883732733,7.125900268548385,28.446720123295634,3.9920177172351172,0,0.1312527378769303
136,65,15.692564964299129,7.362239837639962,27.729400634767988,3.7664353846501313,0,0.14372771845192187
136,66,15.930335044865636,7.599037170413931,26.988433837891844,3.551559655869106,0,0.15732601652778336
136,67,16.16810417175778,7.8361577987696105,26.223781585693985,3.346510146823676,0,0.17217580349661515
136,68,16.405874252324253,8.07348918914981,25.43541717529319,3.150486311355512,0,0.18842770680424947
136,69,16.643644332890716,8.310954093934555,24.623317718505877,2.9627546296370837,0,0.20626060613238742
136,70,16.8814144134572,8.548514366151375,23.787475585937543,2.7826443949285773,0,0.22588845126988702
136,71,17.1191844940237,8.786150932313578,22.927856445312816,2.6095450239750693,0,0.2475682556895832
136,72,17.356954574590198,9.02382564544847,22.04449462890712,2.4429211617166104,0,0.27160786110299545
136,73,17.594724655156654,9.261538505555839,21.13735961914237,2.28227303773152,0,0.2983847537482079
136,74,17.83249473572313,9.499270439149608,20.206451416018602,2.1271582428837053,0,0.32836098109825335
136,75,18.070264816289605,9.737002372743412,19.25177001953588,1.9771762686868557,1,0.3621103834585632
136,76,18.308034896856068,9.974753379823483,18.273315429694275,1.8319566142514139,1,0.40035759734197346
136,77,18.545804977422552,10.212504386903626,17.271080017099347,1.6911698994467548,1,0.44402365513905845
136,78,18.78357505798908,10.450255393983754,16.24506378175122,1.554513566348202,1,0.49430326537173036
136,79,19.021345138555507,12.061015605929347,15.161354064958683,1.2570545101944126,1,0.7054899971296921
136,80,19.259115219121984,13.62855100631996,13.923500061058093,1.021641996614413,1,0.9808713248092993
136,81,19.49688529968847,15.189881324771008,12.529571533233648,0.8248630298908892,1,1.0
136,82,19.73465538025496,16.796828746800173,10.978614807170006,0.6536123558002848,1,1.0
136,83,19.972425460821455,16.974331378941077,9.30116271978308,0.5479545857884225,1,1.0
136,84,20.210195541387897,17.156063556675726,7.600074768146121,0.44299642182129817,1,1.0
136,85,20.44796562195438,17.337976932529948,5.880836486934021,0.33918815960011156,1,1.0
136,86,11.231979393776875,-0.6024303203315764,4.505828857721645,inf,1,0.0
137,68,12.665739109103729,3.9111757674287855,3.649373613064302,0.9330630557325751,1,0.30821759764308554
139,61,15.035017967224148,13.95935221137095,19.673978653478997,1.4093761913574363,1,0.7282817483455968
139,62,15.277518272399929,14.029503917469622,18.264529862397893,1.3018656945991363,1,0.7923867835843215
139,63,15.52001857757571,14.054883013514468,16.84525064844557,1.198533679166737,1,0.8622596914622915
139,64,15.762518882751493,14.067405063122019,15.422977652012625,1.0963626612589885,1,0.9434542564222401
139,65,16.00501823425296,14.073829069259384,13.99950693416013,0.9947191247859056,1,1.0
139,66,16.24751853942874,14.076904724634296,12.57530870894643,0.8933291057188087,1,1.0
139,67,16.490018844604514,14.07887858828939,11.150643726055385,0.7920122086520678,1,1.0
139,68,16.732519149780305,14.081019249037878,9.726339325160081,0.6907411426076034,1,1.0
139,69,16.97501945495609,14.083829360659145,8.304172538613553,0.589624620262007,1,1.0
139,70,17.217519760131864,14.087535699582112,6.887660579602667,0.48891876666598116,1,1.0
139,71,17.460020065307646,15.47414135459757,5.452468332195714,0.3523599925352701,1,1.0
139,72,11.290690699324713,0.9721961615077852,4.53458539101446,4.6642700008008084,1,0.015326087868690962
140,61,15.040694236755398,12.536088957445457,11.704975700670447,0.9337023485078738,1,0.9872217290060895
140,62,15.28328990936282,12.858178719706059,10.39292911732039,0.8082738110796749,1,1.0
140,63,15.525885581970243,13.133727424819451,9.06443695531539,0.690164845220244,1,1.0
140,64,15.768481254577665,13.342269258162661,7.7234096883809205,0.5788677727108392,1,1.0
140,65,16.01107597351077,13.433835649016801,6.374472307943132,0.47450873112398606,1,1.0
140,66,16.253652572631864,13.49565458528562,5.019524056674173,0.37193631660867976,1,1.0
141,63,8.364372713560924,0.7326435255843791,4.804287415774213,6.557469284864239,1,0.00821518868472366
145,98,22.255826950076056,19.46563100795101,31.180961612518182,1.6018469475652692,1,0.8935288104890162
145,99,22.219472885134138,19.25506925507586,29.238616947170243,1.5184893162335733,1,0.9323831920834019
145,100,22.464147567751198,19.325536249381173,27.310592655332513,1.4131867961080269,1,1.0
145,101,22.42779350281059,19.114979264313778,25.38337707925446,1.3279311857085456,1,1.0
145,102,22.39143943786746,18.904431815637096,23.47608948166467,1.2418299428732926,1,1.0
145,103,22.355085372925593,18.693893903535226,21.589859012922656,1.1549150286361565,1,1.0
145,104,22.318731307983402,18.483375064955638,19.724670414242496,1.0671573965752794,1,1.0
145,105,22.28237724304255,18.272884359842685,17.88052368561879,0.9785277098843703,1,1.0
145,106,22.2460231781006,18.062437046746723,16.057464603423767,0.8889976785450401,1,1.0
145,107,22.209669113159926,17.85204695459157,14.25543213248622,0.7985320769515287,1,1.0
145,108,22.454343795780634,17.922771440830804,12.467681888059245,0.6956335926739525,1,1.0
145,109,22.417989730840887,17.71260069432502,10.680740359379092,0.6030023791368547,1,1.0
145,110,22.38163566590154,17.50261114622795,8.91366577401003,0.5092763416578014,1,1.0
145,111,22.34528160096164,17.292869553908034,7.167587282363457,0.41448223847520127,1,1.0
145,112,22.308927536021773,17.08347128480844,5.442489625637804,0.3185821859564083,1,1.0
145,113,11.57192237026597,-2.8804988191289773,4.528488160876773,inf,1,0.0
147,63,14.443342208866765,12.876304864887532,39.71097564698706,3.0840350600330333,0,0.30699622539571897
147,64,14.669019699100936,13.101071596149795,38.418941497818544,2.9325037433662513,0,0.3284954333413374
147,65,14.89469718933567,13.348538160328594,37.10379028322053,2.779614504417551,0,0.353110173114944
147,66,15.120374679569828,13.573540925983938,35.76453399660121,2.634871342092974,0,0.3787867983940989
147,67,15.346052169804574,13.8221709728287,34.40211868288249,2.488908489882622,0,0.4083461103831976
147,68,15.571729660038717,14.04697346687766,33.015502929710884,2.350364155493028,0,0.43944922053037555
147,69,15.79740715027346,14.294547319416989,31.605770111109887,2.211036796399856,0,0.4753741129731082
147,70,16.023084640507566,14.519480943684362,30.17190551760684,2.0780292101785443,0,0.5137602915727247
147,71,16.24876213074233,14.767669916157914,28.714904785188185,1.9444438390222976,1,0.5584414732268248
147,72,16.474439620976465,14.992481946949818,27.2337417602895,1.8164932168439354,1,0.6068772336885112
147,73,16.700117111211277,15.240015268330646,25.729446411172567,1.6882821938268904,1,0.6637452921453896
147,74,16.925794601445357,16.737596997322694,24.168655399637785,1.4439740306510993,1,0.8523045674255724
147,75,17.151472091680123,17.07119271485743,22.484749267921316,1.317116480581486,1,0.9530172744412347
147,76,17.377149581914214,17.204543055820675,20.758248727642886,1.2065562369364942,1,1.0
147,77,17.602827072149,17.499263670550413,19.00635786265375,1.0861232918411095,1,1.0
147,78,17.828504562383106,17.7806508914106,17.23295333947838,0.9691969908594968,1,1.0
147,79,18.054182052617904,18.050389822187025,15.442267980962322,0.8555088357139593,1,1.0
147,80,18.279859542851977,18.266503235815094,13.63283600576224,0.7463298163729754,1,1.0
147,81,18.50553703308678,18.45695816485848,11.800752272596453,0.6393660410990554,1,1.0
147,82,18.73121452332088,18.72783679722556,9.943867163618382,0.5309672051975335,1,1.0
147,83,18.95689201355569,18.948271002285818,8.065712063651912,0.4256700815963054,1,1.0
147,84,19.18256950378977,19.179221721833162,6.165334342258494,0.32145904727927654,1,1.0
147,85,10.552223633748802,-1.5577498098458467,4.2424390373066805,inf,1,0.0
149,62,14.679188728337666,8.343659666368904,32.03098299421631,3.838960872688129,0,0.15981001306830664
149,63,14.912190437322105,8.43107365671522,31.194862401999195,3.699986937862056,0,0.16754975002192576
149,64,15.145192146306508,8.52104345072546,30.34995656293135,3.5617652624864196,0,0.17590920972595442
149,65,15.378193855291002,8.614093575751017,29.49598700320441,3.424154467770895,0,0.18497682843246174
149,66,15.611195564275478,8.710786702710212,28.63262947276952,3.287031407147298,0,0.1948563743155625
149,67,15.84419727325989,8.811742724464267,27.759513945371296,3.1502864771916057,0,0.20567090131097837
149,68,16.077199935918674,8.91762063618826,26.87619791571807,3.013830595871368,0,0.2175661102578146
149,69,16.310201644903124,9.02909564471895,25.982185472983797,2.8776066280990813,0,0.23071398468456436
149,70,16.543203353887595,9.146817207337337,25.07689296835376,2.741597694577053,0,0.24531684211186217
149,71,16.776205062872062,9.271405216935145,24.159698606238667,2.605829218003391,0,0.2616138337553092
149,72,17.009206771856487,9.403393734941503,23.22988140911774,2.4703720873453623,0,0.2798873956939697
149,73,17.242208480840993,9.543192844285958,22.28671277001394,2.335351819214073,0,0.30047093993471397
149,86,20.271230697638888,12.306014864215296,7.913695904305092,0.6430754384441186,1,1.0
149,87,20.504232406623384,12.485911539118986,6.7959111706780595,0.5442863462059722,1,1.0
149,88,20.73723411560782,12.673312475967114,5.828954415085249,0.45993929575546394,1,1.0
